org_id,organization,type_label,type_status,evidence_basis,evidence_url,evidence_note,coding_date
D1-01,Voice in the Wilderness Organization,community_rooted,verified,official_about_page,https://www.voiceinthew.org/,Verified role seed from authoritative eligibility-screening evidence: VWO is a refugee-founded nonprofit community-based organization created in Minneapolis to provide settlement and integration services to Congolese refugees in Minnesota,2026-09-26
D1-01,Voice in the Wilderness Organization,direct_service,verified,official_about_page,https://www.voiceinthew.org/,Verified role seed from authoritative eligibility-screening evidence: VWO is a refugee-founded nonprofit community-based organization created in Minneapolis to provide settlement and integration services to Congolese refugees in Minnesota,2026-09-26
D1-01,Voice in the Wilderness Organization,ethnocultural,verified,official_about_page,https://www.voiceinthew.org/,Verified role seed from authoritative eligibility-screening evidence: VWO is a refugee-founded nonprofit community-based organization created in Minneapolis to provide settlement and integration services to Congolese refugees in Minnesota,2026-09-26
D1-01,Voice in the Wilderness Organization,immigrant_integration,verified,official_about_page,https://www.voiceinthew.org/,Verified role seed from authoritative eligibility-screening evidence: VWO is a refugee-founded nonprofit community-based organization created in Minneapolis to provide settlement and integration services to Congolese refugees in Minnesota,2026-09-26
D1-01,Voice in the Wilderness Organization,refugee_resettlement,verified,official_about_page,https://www.voiceinthew.org/,Verified role seed from authoritative eligibility-screening evidence: VWO is a refugee-founded nonprofit community-based organization created in Minneapolis to provide settlement and integration services to Congolese refugees in Minnesota,2026-09-26
D2-04,Black Immigrant Collective,advocacy,verified,official_about_page,https://actionnetwork.org/groups/black-immigrant-collective,"Verified role seed from authoritative eligibility-screening evidence: Black Immigrant Collective is a Minneapolis/Minnesota Black-led immigrant organization focused on the intersection of Blackness and immigration, including detention/deportation defense, policy, legal clinics, mutual aid, and resource sharing",2026-09-26
D2-04,Black Immigrant Collective,civil_rights_human_rights,verified,official_about_page,https://actionnetwork.org/groups/black-immigrant-collective,"Verified role seed from authoritative eligibility-screening evidence: Black Immigrant Collective is a Minneapolis/Minnesota Black-led immigrant organization focused on the intersection of Blackness and immigration, including detention/deportation defense, policy, legal clinics, mutual aid, and resource sharing",2026-09-26
D2-04,Black Immigrant Collective,community_rooted,verified,official_about_page,https://actionnetwork.org/groups/black-immigrant-collective,"Verified role seed from authoritative eligibility-screening evidence: Black Immigrant Collective is a Minneapolis/Minnesota Black-led immigrant organization focused on the intersection of Blackness and immigration, including detention/deportation defense, policy, legal clinics, mutual aid, and resource sharing",2026-09-26
D2-04,Black Immigrant Collective,direct_service,verified,official_about_page,https://actionnetwork.org/groups/black-immigrant-collective,"Verified role seed from authoritative eligibility-screening evidence: Black Immigrant Collective is a Minneapolis/Minnesota Black-led immigrant organization focused on the intersection of Blackness and immigration, including detention/deportation defense, policy, legal clinics, mutual aid, and resource sharing",2026-09-26
D2-04,Black Immigrant Collective,legal,verified,official_about_page,https://actionnetwork.org/groups/black-immigrant-collective,"Verified role seed from authoritative eligibility-screening evidence: Black Immigrant Collective is a Minneapolis/Minnesota Black-led immigrant organization focused on the intersection of Blackness and immigration, including detention/deportation defense, policy, legal clinics, mutual aid, and resource sharing",2026-09-26
D2-04,Black Immigrant Collective,organizing,verified,official_about_page,https://actionnetwork.org/groups/black-immigrant-collective,"Verified role seed from authoritative eligibility-screening evidence: Black Immigrant Collective is a Minneapolis/Minnesota Black-led immigrant organization focused on the intersection of Blackness and immigration, including detention/deportation defense, policy, legal clinics, mutual aid, and resource sharing",2026-09-26
D3-01,Community Services Agency of Minnesota (COMSA-MN),community_rooted,verified,official_about_page,https://comsamn.org/,"Verified role seed from authoritative eligibility-screening evidence: COMSA-MN is a 501(c)(3) established by refugees for refugees and immigrants in the Twin Cities and provides settlement, language, employment, legal, integration, health and emergency-support services",2026-09-26
D3-01,Community Services Agency of Minnesota (COMSA-MN),direct_service,verified,official_about_page,https://comsamn.org/,"Verified role seed from authoritative eligibility-screening evidence: COMSA-MN is a 501(c)(3) established by refugees for refugees and immigrants in the Twin Cities and provides settlement, language, employment, legal, integration, health and emergency-support services",2026-09-26
D3-01,Community Services Agency of Minnesota (COMSA-MN),education_workforce,verified,official_about_page,https://comsamn.org/,"Verified role seed from authoritative eligibility-screening evidence: COMSA-MN is a 501(c)(3) established by refugees for refugees and immigrants in the Twin Cities and provides settlement, language, employment, legal, integration, health and emergency-support services",2026-09-26
D3-01,Community Services Agency of Minnesota (COMSA-MN),health_wellbeing,verified,official_about_page,https://comsamn.org/,"Verified role seed from authoritative eligibility-screening evidence: COMSA-MN is a 501(c)(3) established by refugees for refugees and immigrants in the Twin Cities and provides settlement, language, employment, legal, integration, health and emergency-support services",2026-09-26
D3-01,Community Services Agency of Minnesota (COMSA-MN),immigrant_integration,verified,official_about_page,https://comsamn.org/,"Verified role seed from authoritative eligibility-screening evidence: COMSA-MN is a 501(c)(3) established by refugees for refugees and immigrants in the Twin Cities and provides settlement, language, employment, legal, integration, health and emergency-support services",2026-09-26
D3-01,Community Services Agency of Minnesota (COMSA-MN),legal,verified,official_about_page,https://comsamn.org/,"Verified role seed from authoritative eligibility-screening evidence: COMSA-MN is a 501(c)(3) established by refugees for refugees and immigrants in the Twin Cities and provides settlement, language, employment, legal, integration, health and emergency-support services",2026-09-26
D3-01,Community Services Agency of Minnesota (COMSA-MN),refugee_resettlement,verified,official_about_page,https://comsamn.org/,"Verified role seed from authoritative eligibility-screening evidence: COMSA-MN is a 501(c)(3) established by refugees for refugees and immigrants in the Twin Cities and provides settlement, language, employment, legal, integration, health and emergency-support services",2026-09-26
D3-02,Southeast Asian Diaspora Project (SEAD),community_rooted,verified,government_or_partner_listing,https://www.ag.state.mn.us/charity/Search/CHR_GeneralInfo.asp?FederalID=474088420&Yr=CURR&cmdSearch=View,"Verified role seed from authoritative eligibility-screening evidence: SEAD is an active Minneapolis charity serving Khmer, Hmong, Lao and Vietnamese diaspora communities; 2025-26 projects explicitly document 50 years of Southeast Asian migration and community experience in Minnesota",2026-09-26
D3-02,Southeast Asian Diaspora Project (SEAD),ethnocultural,verified,government_or_partner_listing,https://www.ag.state.mn.us/charity/Search/CHR_GeneralInfo.asp?FederalID=474088420&Yr=CURR&cmdSearch=View,"Verified role seed from authoritative eligibility-screening evidence: SEAD is an active Minneapolis charity serving Khmer, Hmong, Lao and Vietnamese diaspora communities; 2025-26 projects explicitly document 50 years of Southeast Asian migration and community experience in Minnesota",2026-09-26
D3-02,Southeast Asian Diaspora Project (SEAD),media_information,verified,government_or_partner_listing,https://www.ag.state.mn.us/charity/Search/CHR_GeneralInfo.asp?FederalID=474088420&Yr=CURR&cmdSearch=View,"Verified role seed from authoritative eligibility-screening evidence: SEAD is an active Minneapolis charity serving Khmer, Hmong, Lao and Vietnamese diaspora communities; 2025-26 projects explicitly document 50 years of Southeast Asian migration and community experience in Minnesota",2026-09-26
D3-03,Bhutanese Community Organization of Minnesota,community_rooted,verified,government_or_partner_listing,https://mn.gov/adresources/search/161bc9e2-415c-5719-8611-422995e8801c/?entry=search_card,"Verified role seed from authoritative eligibility-screening evidence: BCOM serves the Twin Cities metro and explicitly specializes in refugees and immigrants, including Bhutanese refugee elders, English/citizenship classes, benefits help and community services",2026-09-26
D3-03,Bhutanese Community Organization of Minnesota,direct_service,verified,government_or_partner_listing,https://mn.gov/adresources/search/161bc9e2-415c-5719-8611-422995e8801c/?entry=search_card,"Verified role seed from authoritative eligibility-screening evidence: BCOM serves the Twin Cities metro and explicitly specializes in refugees and immigrants, including Bhutanese refugee elders, English/citizenship classes, benefits help and community services",2026-09-26
D3-03,Bhutanese Community Organization of Minnesota,education_workforce,verified,government_or_partner_listing,https://mn.gov/adresources/search/161bc9e2-415c-5719-8611-422995e8801c/?entry=search_card,"Verified role seed from authoritative eligibility-screening evidence: BCOM serves the Twin Cities metro and explicitly specializes in refugees and immigrants, including Bhutanese refugee elders, English/citizenship classes, benefits help and community services",2026-09-26
D3-03,Bhutanese Community Organization of Minnesota,ethnocultural,verified,government_or_partner_listing,https://mn.gov/adresources/search/161bc9e2-415c-5719-8611-422995e8801c/?entry=search_card,"Verified role seed from authoritative eligibility-screening evidence: BCOM serves the Twin Cities metro and explicitly specializes in refugees and immigrants, including Bhutanese refugee elders, English/citizenship classes, benefits help and community services",2026-09-26
D3-03,Bhutanese Community Organization of Minnesota,immigrant_integration,verified,government_or_partner_listing,https://mn.gov/adresources/search/161bc9e2-415c-5719-8611-422995e8801c/?entry=search_card,"Verified role seed from authoritative eligibility-screening evidence: BCOM serves the Twin Cities metro and explicitly specializes in refugees and immigrants, including Bhutanese refugee elders, English/citizenship classes, benefits help and community services",2026-09-26
D3-04,Asian Women United of Minnesota,community_rooted,verified,official_about_page,https://www.awum.org/mission,"Verified role seed from authoritative eligibility-screening evidence: AWUM is a Minneapolis/Twin Cities nonprofit created to serve Asian Pacific Islander women and families; current mission is domestic-violence focused and multilingual, while Minnesota cultural-provider records also document immigration assistance",2026-09-26
D3-04,Asian Women United of Minnesota,direct_service,verified,official_about_page,https://www.awum.org/mission,"Verified role seed from authoritative eligibility-screening evidence: AWUM is a Minneapolis/Twin Cities nonprofit created to serve Asian Pacific Islander women and families; current mission is domestic-violence focused and multilingual, while Minnesota cultural-provider records also document immigration assistance",2026-09-26
D3-04,Asian Women United of Minnesota,gender_based,verified,official_about_page,https://www.awum.org/mission,"Verified role seed from authoritative eligibility-screening evidence: AWUM is a Minneapolis/Twin Cities nonprofit created to serve Asian Pacific Islander women and families; current mission is domestic-violence focused and multilingual, while Minnesota cultural-provider records also document immigration assistance",2026-09-26
D3-04,Asian Women United of Minnesota,immigrant_integration,verified,official_about_page,https://www.awum.org/mission,"Verified role seed from authoritative eligibility-screening evidence: AWUM is a Minneapolis/Twin Cities nonprofit created to serve Asian Pacific Islander women and families; current mission is domestic-violence focused and multilingual, while Minnesota cultural-provider records also document immigration assistance",2026-09-26
D3-04,Asian Women United of Minnesota,legal,verified,official_about_page,https://www.awum.org/mission,"Verified role seed from authoritative eligibility-screening evidence: AWUM is a Minneapolis/Twin Cities nonprofit created to serve Asian Pacific Islander women and families; current mission is domestic-violence focused and multilingual, while Minnesota cultural-provider records also document immigration assistance",2026-09-26
D3-05,India Association of Minnesota,advocacy,verified,official_about_page,https://iamn.org/about/,"Verified role seed from authoritative eligibility-screening evidence: IAM is a St. Paul-based 501(c)(3) representing Minnesota's Asian Indian community, with cultural, civic, outreach and government-relations functions; current 2026 site includes immigration-policy town-hall content",2026-09-26
D3-05,India Association of Minnesota,community_rooted,verified,official_about_page,https://iamn.org/about/,"Verified role seed from authoritative eligibility-screening evidence: IAM is a St. Paul-based 501(c)(3) representing Minnesota's Asian Indian community, with cultural, civic, outreach and government-relations functions; current 2026 site includes immigration-policy town-hall content",2026-09-26
D3-05,India Association of Minnesota,ethnocultural,verified,official_about_page,https://iamn.org/about/,"Verified role seed from authoritative eligibility-screening evidence: IAM is a St. Paul-based 501(c)(3) representing Minnesota's Asian Indian community, with cultural, civic, outreach and government-relations functions; current 2026 site includes immigration-policy town-hall content",2026-09-26
D3-06,Fil-Minnesotan Association,community_rooted,verified,official_about_page,https://www.mnhs.org/mnopedia/search/index/group/fil-minnesotan-association,"Verified role seed from authoritative eligibility-screening evidence: FMA is a longstanding Plymouth/Twin Cities Filipino American nonprofit focused on education, culture and youth leadership and remains represented in the Philippine Center of Minnesota governance network",2026-09-26
D3-06,Fil-Minnesotan Association,education_workforce,verified,official_about_page,https://www.mnhs.org/mnopedia/search/index/group/fil-minnesotan-association,"Verified role seed from authoritative eligibility-screening evidence: FMA is a longstanding Plymouth/Twin Cities Filipino American nonprofit focused on education, culture and youth leadership and remains represented in the Philippine Center of Minnesota governance network",2026-09-26
D3-06,Fil-Minnesotan Association,ethnocultural,verified,official_about_page,https://www.mnhs.org/mnopedia/search/index/group/fil-minnesotan-association,"Verified role seed from authoritative eligibility-screening evidence: FMA is a longstanding Plymouth/Twin Cities Filipino American nonprofit focused on education, culture and youth leadership and remains represented in the Philippine Center of Minnesota governance network",2026-09-26
D3-06,Fil-Minnesotan Association,youth_family,verified,official_about_page,https://www.mnhs.org/mnopedia/search/index/group/fil-minnesotan-association,"Verified role seed from authoritative eligibility-screening evidence: FMA is a longstanding Plymouth/Twin Cities Filipino American nonprofit focused on education, culture and youth leadership and remains represented in the Philippine Center of Minnesota governance network",2026-09-26
D3-09,The Urban Village,advocacy,verified,official_about_page,https://www.theurbanvillage.org/ourvillage,"Verified role seed from authoritative eligibility-screening evidence: The Urban Village is a St. Paul Karen and Karenni community space supporting culturally relevant youth/community programming, advocacy and solidarity; 2026 state materials identify its co-director as a founder of a Karen/Karenni rapid-response team during Operation Metro Surge/PARRIS",2026-09-26
D3-09,The Urban Village,community_rooted,verified,official_about_page,https://www.theurbanvillage.org/ourvillage,"Verified role seed from authoritative eligibility-screening evidence: The Urban Village is a St. Paul Karen and Karenni community space supporting culturally relevant youth/community programming, advocacy and solidarity; 2026 state materials identify its co-director as a founder of a Karen/Karenni rapid-response team during Operation Metro Surge/PARRIS",2026-09-26
D3-09,The Urban Village,ethnocultural,verified,official_about_page,https://www.theurbanvillage.org/ourvillage,"Verified role seed from authoritative eligibility-screening evidence: The Urban Village is a St. Paul Karen and Karenni community space supporting culturally relevant youth/community programming, advocacy and solidarity; 2026 state materials identify its co-director as a founder of a Karen/Karenni rapid-response team during Operation Metro Surge/PARRIS",2026-09-26
D3-09,The Urban Village,organizing,verified,official_about_page,https://www.theurbanvillage.org/ourvillage,"Verified role seed from authoritative eligibility-screening evidence: The Urban Village is a St. Paul Karen and Karenni community space supporting culturally relevant youth/community programming, advocacy and solidarity; 2026 state materials identify its co-director as a founder of a Karen/Karenni rapid-response team during Operation Metro Surge/PARRIS",2026-09-26
D3-09,The Urban Village,youth_family,verified,official_about_page,https://www.theurbanvillage.org/ourvillage,"Verified role seed from authoritative eligibility-screening evidence: The Urban Village is a St. Paul Karen and Karenni community space supporting culturally relevant youth/community programming, advocacy and solidarity; 2026 state materials identify its co-director as a founder of a Karen/Karenni rapid-response team during Operation Metro Surge/PARRIS",2026-09-26
D3-11,Association of Nepalis in Minnesota,community_rooted,verified,official_about_page,https://anmn.org/about-us/,"Verified role seed from authoritative eligibility-screening evidence: ANMN was formed by Nepalis in the Twin Cities, is a 501(c)(3), and maintains an active 2025-26 community calendar, board records and annual reports supporting the Nepali community in Minnesota",2026-09-26
D3-11,Association of Nepalis in Minnesota,ethnocultural,verified,official_about_page,https://anmn.org/about-us/,"Verified role seed from authoritative eligibility-screening evidence: ANMN was formed by Nepalis in the Twin Cities, is a 501(c)(3), and maintains an active 2025-26 community calendar, board records and annual reports supporting the Nepali community in Minnesota",2026-09-26
D3-12,Tibetan American Foundation of Minnesota,community_rooted,verified,official_about_page,https://tafm.org/about-us/,"Verified role seed from authoritative eligibility-screening evidence: TAFM is a 501(c)(3) founded to support Tibetan immigrant resettlement in Minnesota, has a St. Paul site and social-service functions, and posted a 2026 immigration-assistance program",2026-09-26
D3-12,Tibetan American Foundation of Minnesota,direct_service,verified,official_about_page,https://tafm.org/about-us/,"Verified role seed from authoritative eligibility-screening evidence: TAFM is a 501(c)(3) founded to support Tibetan immigrant resettlement in Minnesota, has a St. Paul site and social-service functions, and posted a 2026 immigration-assistance program",2026-09-26
D3-12,Tibetan American Foundation of Minnesota,ethnocultural,verified,official_about_page,https://tafm.org/about-us/,"Verified role seed from authoritative eligibility-screening evidence: TAFM is a 501(c)(3) founded to support Tibetan immigrant resettlement in Minnesota, has a St. Paul site and social-service functions, and posted a 2026 immigration-assistance program",2026-09-26
D3-12,Tibetan American Foundation of Minnesota,immigrant_integration,verified,official_about_page,https://tafm.org/about-us/,"Verified role seed from authoritative eligibility-screening evidence: TAFM is a 501(c)(3) founded to support Tibetan immigrant resettlement in Minnesota, has a St. Paul site and social-service functions, and posted a 2026 immigration-assistance program",2026-09-26
D3-14,LatinoLEAD,advocacy,verified,official_about_page,https://www.latinoleadmn.org/,Verified role seed from authoritative eligibility-screening evidence: LatinoLEAD is a St. Paul nonprofit network of Latine leaders with civic and policy advocacy functions; its current materials acknowledge immigration hurdles affecting community stability and leadership,2026-09-26
D3-14,LatinoLEAD,coalition_network,verified,official_about_page,https://www.latinoleadmn.org/,Verified role seed from authoritative eligibility-screening evidence: LatinoLEAD is a St. Paul nonprofit network of Latine leaders with civic and policy advocacy functions; its current materials acknowledge immigration hurdles affecting community stability and leadership,2026-09-26
D3-14,LatinoLEAD,community_rooted,verified,official_about_page,https://www.latinoleadmn.org/,Verified role seed from authoritative eligibility-screening evidence: LatinoLEAD is a St. Paul nonprofit network of Latine leaders with civic and policy advocacy functions; its current materials acknowledge immigration hurdles affecting community stability and leadership,2026-09-26
D3-14,LatinoLEAD,education_workforce,verified,official_about_page,https://www.latinoleadmn.org/,Verified role seed from authoritative eligibility-screening evidence: LatinoLEAD is a St. Paul nonprofit network of Latine leaders with civic and policy advocacy functions; its current materials acknowledge immigration hurdles affecting community stability and leadership,2026-09-26
D3-14,LatinoLEAD,ethnocultural,verified,official_about_page,https://www.latinoleadmn.org/,Verified role seed from authoritative eligibility-screening evidence: LatinoLEAD is a St. Paul nonprofit network of Latine leaders with civic and policy advocacy functions; its current materials acknowledge immigration hurdles affecting community stability and leadership,2026-09-26
D3-15,Hispanic Advocacy and Community Empowerment through Research (HACER),advocacy,verified,official_about_page,https://hacer-mn.org/,"Verified role seed from authoritative eligibility-screening evidence: HACER is a Latino-led advocacy-driven research organization serving Latino Minnesotans through research, community action and policy work, with research interests including immigration and cultural integration",2026-09-26
D3-15,Hispanic Advocacy and Community Empowerment through Research (HACER),community_rooted,verified,official_about_page,https://hacer-mn.org/,"Verified role seed from authoritative eligibility-screening evidence: HACER is a Latino-led advocacy-driven research organization serving Latino Minnesotans through research, community action and policy work, with research interests including immigration and cultural integration",2026-09-26
D3-15,Hispanic Advocacy and Community Empowerment through Research (HACER),ethnocultural,verified,official_about_page,https://hacer-mn.org/,"Verified role seed from authoritative eligibility-screening evidence: HACER is a Latino-led advocacy-driven research organization serving Latino Minnesotans through research, community action and policy work, with research interests including immigration and cultural integration",2026-09-26
D3-18,Asian Media Access,community_rooted,verified,official_about_page,https://ww1.amamedia.org/,Verified role seed from authoritative eligibility-screening evidence: Asian Media Access is a Minneapolis nonprofit with a St. Paul presence whose RICE and community programs serve immigrant/refugee communities; its 2026 'Calling America HOME' series explicitly centers immigrant and refugee experiences in Minnesota,2026-09-26
D3-18,Asian Media Access,education_workforce,verified,official_about_page,https://ww1.amamedia.org/,Verified role seed from authoritative eligibility-screening evidence: Asian Media Access is a Minneapolis nonprofit with a St. Paul presence whose RICE and community programs serve immigrant/refugee communities; its 2026 'Calling America HOME' series explicitly centers immigrant and refugee experiences in Minnesota,2026-09-26
D3-18,Asian Media Access,ethnocultural,verified,official_about_page,https://ww1.amamedia.org/,Verified role seed from authoritative eligibility-screening evidence: Asian Media Access is a Minneapolis nonprofit with a St. Paul presence whose RICE and community programs serve immigrant/refugee communities; its 2026 'Calling America HOME' series explicitly centers immigrant and refugee experiences in Minnesota,2026-09-26
D3-18,Asian Media Access,media_information,verified,official_about_page,https://ww1.amamedia.org/,Verified role seed from authoritative eligibility-screening evidence: Asian Media Access is a Minneapolis nonprofit with a St. Paul presence whose RICE and community programs serve immigrant/refugee communities; its 2026 'Calling America HOME' series explicitly centers immigrant and refugee experiences in Minnesota,2026-09-26
D3-20,MN Zej Zog,community_rooted,verified,official_about_page,https://mnzejzog.org/,"Verified role seed from authoritative eligibility-screening evidence: MN Zej Zog is based in Brooklyn Park and explicitly supports Hmong community empowerment, language preservation, educators, youth, cultural connection and grassroots initiatives",2026-09-26
D3-20,MN Zej Zog,education_workforce,verified,official_about_page,https://mnzejzog.org/,"Verified role seed from authoritative eligibility-screening evidence: MN Zej Zog is based in Brooklyn Park and explicitly supports Hmong community empowerment, language preservation, educators, youth, cultural connection and grassroots initiatives",2026-09-26
D3-20,MN Zej Zog,ethnocultural,verified,official_about_page,https://mnzejzog.org/,"Verified role seed from authoritative eligibility-screening evidence: MN Zej Zog is based in Brooklyn Park and explicitly supports Hmong community empowerment, language preservation, educators, youth, cultural connection and grassroots initiatives",2026-09-26
D3-20,MN Zej Zog,youth_family,verified,official_about_page,https://mnzejzog.org/,"Verified role seed from authoritative eligibility-screening evidence: MN Zej Zog is based in Brooklyn Park and explicitly supports Hmong community empowerment, language preservation, educators, youth, cultural connection and grassroots initiatives",2026-09-26
D3-21,Roseville Covenant Church - Good Neighbor refugee ministry,direct_service,verified,official_about_page,https://www.rosevillecovenant.org/outreach,"Verified role seed from authoritative eligibility-screening evidence: Roseville Covenant documents recurring refugee-support work and a Good Neighbor Team in 2025 committed to walking alongside a refugee family for one year, overlapping the study period",2026-09-26
D3-21,Roseville Covenant Church - Good Neighbor refugee ministry,faith_based,verified,official_about_page,https://www.rosevillecovenant.org/outreach,"Verified role seed from authoritative eligibility-screening evidence: Roseville Covenant documents recurring refugee-support work and a Good Neighbor Team in 2025 committed to walking alongside a refugee family for one year, overlapping the study period",2026-09-26
D3-21,Roseville Covenant Church - Good Neighbor refugee ministry,immigrant_integration,verified,official_about_page,https://www.rosevillecovenant.org/outreach,"Verified role seed from authoritative eligibility-screening evidence: Roseville Covenant documents recurring refugee-support work and a Good Neighbor Team in 2025 committed to walking alongside a refugee family for one year, overlapping the study period",2026-09-26
D4-01,Ethiopian Community in Minnesota,advocacy,verified,official_about_page,https://ethiopiancommunitymn.org/about/,"Verified role seed from authoritative eligibility-screening evidence: ECM is based in St. Paul and has served Minnesota's Ethiopian community since 1995 through translation, advocacy, job counseling, housing help, civic engagement and cultural programs",2026-09-26
D4-01,Ethiopian Community in Minnesota,community_rooted,verified,official_about_page,https://ethiopiancommunitymn.org/about/,"Verified role seed from authoritative eligibility-screening evidence: ECM is based in St. Paul and has served Minnesota's Ethiopian community since 1995 through translation, advocacy, job counseling, housing help, civic engagement and cultural programs",2026-09-26
D4-01,Ethiopian Community in Minnesota,direct_service,verified,official_about_page,https://ethiopiancommunitymn.org/about/,"Verified role seed from authoritative eligibility-screening evidence: ECM is based in St. Paul and has served Minnesota's Ethiopian community since 1995 through translation, advocacy, job counseling, housing help, civic engagement and cultural programs",2026-09-26
D4-01,Ethiopian Community in Minnesota,education_workforce,verified,official_about_page,https://ethiopiancommunitymn.org/about/,"Verified role seed from authoritative eligibility-screening evidence: ECM is based in St. Paul and has served Minnesota's Ethiopian community since 1995 through translation, advocacy, job counseling, housing help, civic engagement and cultural programs",2026-09-26
D4-01,Ethiopian Community in Minnesota,ethnocultural,verified,official_about_page,https://ethiopiancommunitymn.org/about/,"Verified role seed from authoritative eligibility-screening evidence: ECM is based in St. Paul and has served Minnesota's Ethiopian community since 1995 through translation, advocacy, job counseling, housing help, civic engagement and cultural programs",2026-09-26
D4-01,Ethiopian Community in Minnesota,housing_economic,verified,official_about_page,https://ethiopiancommunitymn.org/about/,"Verified role seed from authoritative eligibility-screening evidence: ECM is based in St. Paul and has served Minnesota's Ethiopian community since 1995 through translation, advocacy, job counseling, housing help, civic engagement and cultural programs",2026-09-26
D4-01,Ethiopian Community in Minnesota,immigrant_integration,verified,official_about_page,https://ethiopiancommunitymn.org/about/,"Verified role seed from authoritative eligibility-screening evidence: ECM is based in St. Paul and has served Minnesota's Ethiopian community since 1995 through translation, advocacy, job counseling, housing help, civic engagement and cultural programs",2026-09-26
D4-03,Lao Family Community of Minnesota,community_rooted,verified,official_about_page,https://www.laofamilycommunity.org/about/,Verified role seed from authoritative eligibility-screening evidence: Lao Family Community is a St. Paul nonprofit mutual-assistance association founded in 1977 whose mission explicitly supports Hmong Americans and other immigrant and refugee populations,2026-09-26
D4-03,Lao Family Community of Minnesota,direct_service,verified,official_about_page,https://www.laofamilycommunity.org/about/,Verified role seed from authoritative eligibility-screening evidence: Lao Family Community is a St. Paul nonprofit mutual-assistance association founded in 1977 whose mission explicitly supports Hmong Americans and other immigrant and refugee populations,2026-09-26
D4-03,Lao Family Community of Minnesota,ethnocultural,verified,official_about_page,https://www.laofamilycommunity.org/about/,Verified role seed from authoritative eligibility-screening evidence: Lao Family Community is a St. Paul nonprofit mutual-assistance association founded in 1977 whose mission explicitly supports Hmong Americans and other immigrant and refugee populations,2026-09-26
D4-03,Lao Family Community of Minnesota,immigrant_integration,verified,official_about_page,https://www.laofamilycommunity.org/about/,Verified role seed from authoritative eligibility-screening evidence: Lao Family Community is a St. Paul nonprofit mutual-assistance association founded in 1977 whose mission explicitly supports Hmong Americans and other immigrant and refugee populations,2026-09-26
D4-04,Sub-Saharan African Youth and Family Services in Minnesota (SAYFSM),community_rooted,verified,official_about_page,https://www.sayfsm.org/,"Verified role seed from authoritative eligibility-screening evidence: SAYFSM is a Minnesota 501(c)(3) serving Sub-Saharan African youth and families through culturally responsive health and human-service outreach, but current public materials are less explicit about immigrant/refugee status than some other candidates",2026-09-26
D4-04,Sub-Saharan African Youth and Family Services in Minnesota (SAYFSM),direct_service,verified,official_about_page,https://www.sayfsm.org/,"Verified role seed from authoritative eligibility-screening evidence: SAYFSM is a Minnesota 501(c)(3) serving Sub-Saharan African youth and families through culturally responsive health and human-service outreach, but current public materials are less explicit about immigrant/refugee status than some other candidates",2026-09-26
D4-04,Sub-Saharan African Youth and Family Services in Minnesota (SAYFSM),ethnocultural,verified,official_about_page,https://www.sayfsm.org/,"Verified role seed from authoritative eligibility-screening evidence: SAYFSM is a Minnesota 501(c)(3) serving Sub-Saharan African youth and families through culturally responsive health and human-service outreach, but current public materials are less explicit about immigrant/refugee status than some other candidates",2026-09-26
D4-04,Sub-Saharan African Youth and Family Services in Minnesota (SAYFSM),health_wellbeing,verified,official_about_page,https://www.sayfsm.org/,"Verified role seed from authoritative eligibility-screening evidence: SAYFSM is a Minnesota 501(c)(3) serving Sub-Saharan African youth and families through culturally responsive health and human-service outreach, but current public materials are less explicit about immigrant/refugee status than some other candidates",2026-09-26
D4-04,Sub-Saharan African Youth and Family Services in Minnesota (SAYFSM),youth_family,verified,official_about_page,https://www.sayfsm.org/,"Verified role seed from authoritative eligibility-screening evidence: SAYFSM is a Minnesota 501(c)(3) serving Sub-Saharan African youth and families through culturally responsive health and human-service outreach, but current public materials are less explicit about immigrant/refugee status than some other candidates",2026-09-26
D4-05,Vietnamese Social Services of Minnesota,community_rooted,verified,official_about_page,https://www.vssmn.org/,Verified role seed from authoritative eligibility-screening evidence: VSSMN is a St. Paul direct-service organization explicitly serving low-income immigrant and refugee families throughout the seven-county Twin Cities metro; Vietnamese and Karen refugees/immigrants comprise most participants,2026-09-26
D4-05,Vietnamese Social Services of Minnesota,direct_service,verified,official_about_page,https://www.vssmn.org/,Verified role seed from authoritative eligibility-screening evidence: VSSMN is a St. Paul direct-service organization explicitly serving low-income immigrant and refugee families throughout the seven-county Twin Cities metro; Vietnamese and Karen refugees/immigrants comprise most participants,2026-09-26
D4-05,Vietnamese Social Services of Minnesota,ethnocultural,verified,official_about_page,https://www.vssmn.org/,Verified role seed from authoritative eligibility-screening evidence: VSSMN is a St. Paul direct-service organization explicitly serving low-income immigrant and refugee families throughout the seven-county Twin Cities metro; Vietnamese and Karen refugees/immigrants comprise most participants,2026-09-26
D4-05,Vietnamese Social Services of Minnesota,immigrant_integration,verified,official_about_page,https://www.vssmn.org/,Verified role seed from authoritative eligibility-screening evidence: VSSMN is a St. Paul direct-service organization explicitly serving low-income immigrant and refugee families throughout the seven-county Twin Cities metro; Vietnamese and Karen refugees/immigrants comprise most participants,2026-09-26
D4-06,Restoration for All Inc.,community_rooted,verified,government_or_partner_listing,https://helpmeconnect.web.health.state.mn.us/HelpMeConnect/Providers/Restoration_for_All%2C_Inc./Cultural_Community_Organization/1,"Verified role seed from authoritative eligibility-screening evidence: Restoration for All is an Inver Grove Heights cultural-community organization serving the Twin Cities metro and specializing in immigrants, refugees, and African communities; 2025-26 state funding also targets culturally relevant services for African immigrant and refugee communities",2026-09-26
D4-06,Restoration for All Inc.,direct_service,verified,government_or_partner_listing,https://helpmeconnect.web.health.state.mn.us/HelpMeConnect/Providers/Restoration_for_All%2C_Inc./Cultural_Community_Organization/1,"Verified role seed from authoritative eligibility-screening evidence: Restoration for All is an Inver Grove Heights cultural-community organization serving the Twin Cities metro and specializing in immigrants, refugees, and African communities; 2025-26 state funding also targets culturally relevant services for African immigrant and refugee communities",2026-09-26
D4-06,Restoration for All Inc.,ethnocultural,verified,government_or_partner_listing,https://helpmeconnect.web.health.state.mn.us/HelpMeConnect/Providers/Restoration_for_All%2C_Inc./Cultural_Community_Organization/1,"Verified role seed from authoritative eligibility-screening evidence: Restoration for All is an Inver Grove Heights cultural-community organization serving the Twin Cities metro and specializing in immigrants, refugees, and African communities; 2025-26 state funding also targets culturally relevant services for African immigrant and refugee communities",2026-09-26
D4-06,Restoration for All Inc.,health_wellbeing,verified,government_or_partner_listing,https://helpmeconnect.web.health.state.mn.us/HelpMeConnect/Providers/Restoration_for_All%2C_Inc./Cultural_Community_Organization/1,"Verified role seed from authoritative eligibility-screening evidence: Restoration for All is an Inver Grove Heights cultural-community organization serving the Twin Cities metro and specializing in immigrants, refugees, and African communities; 2025-26 state funding also targets culturally relevant services for African immigrant and refugee communities",2026-09-26
D4-07,Somali Parent Academy,advocacy,verified,official_about_page,https://somaliparentacademy.com/,"Verified role seed from authoritative eligibility-screening evidence: Somali Parent Academy states that it uplifts immigrant families from the Horn of Africa in Minnesota through education, economic support, advocacy and community-driven programs",2026-09-26
D4-07,Somali Parent Academy,community_rooted,verified,official_about_page,https://somaliparentacademy.com/,"Verified role seed from authoritative eligibility-screening evidence: Somali Parent Academy states that it uplifts immigrant families from the Horn of Africa in Minnesota through education, economic support, advocacy and community-driven programs",2026-09-26
D4-07,Somali Parent Academy,direct_service,verified,official_about_page,https://somaliparentacademy.com/,"Verified role seed from authoritative eligibility-screening evidence: Somali Parent Academy states that it uplifts immigrant families from the Horn of Africa in Minnesota through education, economic support, advocacy and community-driven programs",2026-09-26
D4-07,Somali Parent Academy,education_workforce,verified,official_about_page,https://somaliparentacademy.com/,"Verified role seed from authoritative eligibility-screening evidence: Somali Parent Academy states that it uplifts immigrant families from the Horn of Africa in Minnesota through education, economic support, advocacy and community-driven programs",2026-09-26
D4-07,Somali Parent Academy,ethnocultural,verified,official_about_page,https://somaliparentacademy.com/,"Verified role seed from authoritative eligibility-screening evidence: Somali Parent Academy states that it uplifts immigrant families from the Horn of Africa in Minnesota through education, economic support, advocacy and community-driven programs",2026-09-26
D4-07,Somali Parent Academy,youth_family,verified,official_about_page,https://somaliparentacademy.com/,"Verified role seed from authoritative eligibility-screening evidence: Somali Parent Academy states that it uplifts immigrant families from the Horn of Africa in Minnesota through education, economic support, advocacy and community-driven programs",2026-09-26
D4-10,Legacy Family Center,community_rooted,verified,official_about_page,https://www.legacyfamilycentermn.org/,"Verified role seed from authoritative eligibility-screening evidence: Legacy Family Center is a 501(c)(3) founded by West African immigrant/refugee mothers in Brooklyn Park/Brooklyn Center and explicitly serves West African refugee and immigrant families through education, workforce, wellness and social-service navigation",2026-09-26
D4-10,Legacy Family Center,direct_service,verified,official_about_page,https://www.legacyfamilycentermn.org/,"Verified role seed from authoritative eligibility-screening evidence: Legacy Family Center is a 501(c)(3) founded by West African immigrant/refugee mothers in Brooklyn Park/Brooklyn Center and explicitly serves West African refugee and immigrant families through education, workforce, wellness and social-service navigation",2026-09-26
D4-10,Legacy Family Center,education_workforce,verified,official_about_page,https://www.legacyfamilycentermn.org/,"Verified role seed from authoritative eligibility-screening evidence: Legacy Family Center is a 501(c)(3) founded by West African immigrant/refugee mothers in Brooklyn Park/Brooklyn Center and explicitly serves West African refugee and immigrant families through education, workforce, wellness and social-service navigation",2026-09-26
D4-10,Legacy Family Center,ethnocultural,verified,official_about_page,https://www.legacyfamilycentermn.org/,"Verified role seed from authoritative eligibility-screening evidence: Legacy Family Center is a 501(c)(3) founded by West African immigrant/refugee mothers in Brooklyn Park/Brooklyn Center and explicitly serves West African refugee and immigrant families through education, workforce, wellness and social-service navigation",2026-09-26
D4-10,Legacy Family Center,health_wellbeing,verified,official_about_page,https://www.legacyfamilycentermn.org/,"Verified role seed from authoritative eligibility-screening evidence: Legacy Family Center is a 501(c)(3) founded by West African immigrant/refugee mothers in Brooklyn Park/Brooklyn Center and explicitly serves West African refugee and immigrant families through education, workforce, wellness and social-service navigation",2026-09-26
D4-10,Legacy Family Center,immigrant_integration,verified,official_about_page,https://www.legacyfamilycentermn.org/,"Verified role seed from authoritative eligibility-screening evidence: Legacy Family Center is a 501(c)(3) founded by West African immigrant/refugee mothers in Brooklyn Park/Brooklyn Center and explicitly serves West African refugee and immigrant families through education, workforce, wellness and social-service navigation",2026-09-26
D4-10,Legacy Family Center,youth_family,verified,official_about_page,https://www.legacyfamilycentermn.org/,"Verified role seed from authoritative eligibility-screening evidence: Legacy Family Center is a 501(c)(3) founded by West African immigrant/refugee mothers in Brooklyn Park/Brooklyn Center and explicitly serves West African refugee and immigrant families through education, workforce, wellness and social-service navigation",2026-09-26
TC002,Cedar Riverside Adult Education Collaborative,community_rooted,verified,official_about_page,https://www.cedarriversideabe.org/about-us,"Verified role seed from authoritative eligibility-screening evidence: Official site states CRAEC is a collaboration among Riverside Plaza Tenants Association, Brian Coyle Community Center, and Minneapolis Public Schools Adult Basic Education and serves adult immigrants and refugees in Cedar-Riverside",2026-09-26
TC002,Cedar Riverside Adult Education Collaborative,education_workforce,verified,official_about_page,https://www.cedarriversideabe.org/about-us,"Verified role seed from authoritative eligibility-screening evidence: Official site states CRAEC is a collaboration among Riverside Plaza Tenants Association, Brian Coyle Community Center, and Minneapolis Public Schools Adult Basic Education and serves adult immigrants and refugees in Cedar-Riverside",2026-09-26
TC002,Cedar Riverside Adult Education Collaborative,immigrant_integration,verified,official_about_page,https://www.cedarriversideabe.org/about-us,"Verified role seed from authoritative eligibility-screening evidence: Official site states CRAEC is a collaboration among Riverside Plaza Tenants Association, Brian Coyle Community Center, and Minneapolis Public Schools Adult Basic Education and serves adult immigrants and refugees in Cedar-Riverside",2026-09-26
TC003,Centro Tyrone Guzman,community_rooted,verified,official_about_page,https://www.centromn.org/about,Verified role seed from authoritative eligibility-screening evidence: Minneapolis-based Latine multi-service organization; official site documents community role and current communication concerning families affected by immigration enforcement,2026-09-26
TC003,Centro Tyrone Guzman,direct_service,verified,official_about_page,https://www.centromn.org/about,Verified role seed from authoritative eligibility-screening evidence: Minneapolis-based Latine multi-service organization; official site documents community role and current communication concerning families affected by immigration enforcement,2026-09-26
TC003,Centro Tyrone Guzman,ethnocultural,verified,official_about_page,https://www.centromn.org/about,Verified role seed from authoritative eligibility-screening evidence: Minneapolis-based Latine multi-service organization; official site documents community role and current communication concerning families affected by immigration enforcement,2026-09-26
TC003,Centro Tyrone Guzman,immigrant_integration,verified,official_about_page,https://www.centromn.org/about,Verified role seed from authoritative eligibility-screening evidence: Minneapolis-based Latine multi-service organization; official site documents community role and current communication concerning families affected by immigration enforcement,2026-09-26
TC005,International Education Center,direct_service,verified,official_about_page,https://iecminnesota.org/,"Verified role seed from authoritative eligibility-screening evidence: Official site states IEC is a downtown Minneapolis Adult Basic Education program whose mission is to help first-generation immigrants, refugees, and their families become independent and productive members of the Twin Cities community",2026-09-26
TC005,International Education Center,education_workforce,verified,official_about_page,https://iecminnesota.org/,"Verified role seed from authoritative eligibility-screening evidence: Official site states IEC is a downtown Minneapolis Adult Basic Education program whose mission is to help first-generation immigrants, refugees, and their families become independent and productive members of the Twin Cities community",2026-09-26
TC005,International Education Center,immigrant_integration,verified,official_about_page,https://iecminnesota.org/,"Verified role seed from authoritative eligibility-screening evidence: Official site states IEC is a downtown Minneapolis Adult Basic Education program whose mission is to help first-generation immigrants, refugees, and their families become independent and productive members of the Twin Cities community",2026-09-26
TC007,Keystone Community Services,direct_service,verified,official_about_page,,Verified role seed from authoritative eligibility-screening evidence: St. Paul nonprofit with broad social-service mission; immigrant/refugee relevance appears program-specific rather than central,2026-09-26
TC008,Literacy Minnesota,education_workforce,verified,official_about_page,,Verified role seed from authoritative eligibility-screening evidence: Twin Cities adult-literacy nonprofit with extensive English-learning work; immigrant/refugee relevance is substantial but should be confirmed as explicit enough for this study's organizational universe,2026-09-26
TC008,Literacy Minnesota,immigrant_integration,verified,official_about_page,,Verified role seed from authoritative eligibility-screening evidence: Twin Cities adult-literacy nonprofit with extensive English-learning work; immigrant/refugee relevance is substantial but should be confirmed as explicit enough for this study's organizational universe,2026-09-26
TC010,Minnesota Africans United,coalition_network,verified,official_about_page,https://www.mnafricansunited.org/,Verified role seed from authoritative eligibility-screening evidence: Official site identifies MAU as a 501(c)(3) coalition of African immigrants in Minnesota with a Brooklyn Park address and a mission centered on access to resources for African communities,2026-09-26
TC010,Minnesota Africans United,community_rooted,verified,official_about_page,https://www.mnafricansunited.org/,Verified role seed from authoritative eligibility-screening evidence: Official site identifies MAU as a 501(c)(3) coalition of African immigrants in Minnesota with a Brooklyn Park address and a mission centered on access to resources for African communities,2026-09-26
TC010,Minnesota Africans United,ethnocultural,verified,official_about_page,https://www.mnafricansunited.org/,Verified role seed from authoritative eligibility-screening evidence: Official site identifies MAU as a 501(c)(3) coalition of African immigrants in Minnesota with a Brooklyn Park address and a mission centered on access to resources for African communities,2026-09-26
TC011,MORE,community_rooted,verified,official_about_page,https://www.more-empowerment.org/historyandmission,"Verified role seed from authoritative eligibility-screening evidence: Official site states MORE serves refugees, immigrants, and New Americans in St. Paul and provides education/support aimed at economic and social independence; Minnesota resource listing confirms refugees and immigrants are an explicit eligible population",2026-09-26
TC011,MORE,direct_service,verified,official_about_page,https://www.more-empowerment.org/historyandmission,"Verified role seed from authoritative eligibility-screening evidence: Official site states MORE serves refugees, immigrants, and New Americans in St. Paul and provides education/support aimed at economic and social independence; Minnesota resource listing confirms refugees and immigrants are an explicit eligible population",2026-09-26
TC011,MORE,education_workforce,verified,official_about_page,https://www.more-empowerment.org/historyandmission,"Verified role seed from authoritative eligibility-screening evidence: Official site states MORE serves refugees, immigrants, and New Americans in St. Paul and provides education/support aimed at economic and social independence; Minnesota resource listing confirms refugees and immigrants are an explicit eligible population",2026-09-26
TC011,MORE,immigrant_integration,verified,official_about_page,https://www.more-empowerment.org/historyandmission,"Verified role seed from authoritative eligibility-screening evidence: Official site states MORE serves refugees, immigrants, and New Americans in St. Paul and provides education/support aimed at economic and social independence; Minnesota resource listing confirms refugees and immigrants are an explicit eligible population",2026-09-26
TC012,MTA Center - Mothers Tutoring Academy,education_workforce,verified,official_about_page,https://mtacenter.org/,"Verified role seed from authoritative eligibility-screening evidence: Current site confirms an active St. Paul tutoring/education organization, but its public mission is broadly focused on youth education and does not currently make immigrant/refugee communities explicit; retain provisionally because it entered the seed frame through immigrant-serving landscape research",2026-09-26
TC012,MTA Center - Mothers Tutoring Academy,youth_family,verified,official_about_page,https://mtacenter.org/,"Verified role seed from authoritative eligibility-screening evidence: Current site confirms an active St. Paul tutoring/education organization, but its public mission is broadly focused on youth education and does not currently make immigrant/refugee communities explicit; retain provisionally because it entered the seed frame through immigrant-serving landscape research",2026-09-26
TC013,Sierra Leone Community in Minnesota,coalition_network,verified,official_about_page,https://slcmn.org/,"Verified role seed from authoritative eligibility-screening evidence: Official site identifies SLCM as an umbrella organization serving Sierra Leonean and related West African communities in Minneapolis-St. Paul, with explicit immigrant-community collaboration and Twin Cities service geography",2026-09-26
TC013,Sierra Leone Community in Minnesota,community_rooted,verified,official_about_page,https://slcmn.org/,"Verified role seed from authoritative eligibility-screening evidence: Official site identifies SLCM as an umbrella organization serving Sierra Leonean and related West African communities in Minneapolis-St. Paul, with explicit immigrant-community collaboration and Twin Cities service geography",2026-09-26
TC013,Sierra Leone Community in Minnesota,ethnocultural,verified,official_about_page,https://slcmn.org/,"Verified role seed from authoritative eligibility-screening evidence: Official site identifies SLCM as an umbrella organization serving Sierra Leonean and related West African communities in Minneapolis-St. Paul, with explicit immigrant-community collaboration and Twin Cities service geography",2026-09-26
TC014,Somali American Parent Association (SAPA),community_rooted,verified,government_or_partner_listing,https://mn.gov/dhs/assets/cultural-providers-resource-list_tcm1053-413784.pdf,"Verified role seed from authoritative eligibility-screening evidence: Minnesota DHS cultural-provider directory identifies SAPA in Minneapolis and lists immigration legal services, parent education, cultural-crossing training, and student-success programs serving Somali families",2026-09-26
TC014,Somali American Parent Association (SAPA),direct_service,verified,government_or_partner_listing,https://mn.gov/dhs/assets/cultural-providers-resource-list_tcm1053-413784.pdf,"Verified role seed from authoritative eligibility-screening evidence: Minnesota DHS cultural-provider directory identifies SAPA in Minneapolis and lists immigration legal services, parent education, cultural-crossing training, and student-success programs serving Somali families",2026-09-26
TC014,Somali American Parent Association (SAPA),education_workforce,verified,government_or_partner_listing,https://mn.gov/dhs/assets/cultural-providers-resource-list_tcm1053-413784.pdf,"Verified role seed from authoritative eligibility-screening evidence: Minnesota DHS cultural-provider directory identifies SAPA in Minneapolis and lists immigration legal services, parent education, cultural-crossing training, and student-success programs serving Somali families",2026-09-26
TC014,Somali American Parent Association (SAPA),ethnocultural,verified,government_or_partner_listing,https://mn.gov/dhs/assets/cultural-providers-resource-list_tcm1053-413784.pdf,"Verified role seed from authoritative eligibility-screening evidence: Minnesota DHS cultural-provider directory identifies SAPA in Minneapolis and lists immigration legal services, parent education, cultural-crossing training, and student-success programs serving Somali families",2026-09-26
TC014,Somali American Parent Association (SAPA),legal,verified,government_or_partner_listing,https://mn.gov/dhs/assets/cultural-providers-resource-list_tcm1053-413784.pdf,"Verified role seed from authoritative eligibility-screening evidence: Minnesota DHS cultural-provider directory identifies SAPA in Minneapolis and lists immigration legal services, parent education, cultural-crossing training, and student-success programs serving Somali families",2026-09-26
TC014,Somali American Parent Association (SAPA),youth_family,verified,government_or_partner_listing,https://mn.gov/dhs/assets/cultural-providers-resource-list_tcm1053-413784.pdf,"Verified role seed from authoritative eligibility-screening evidence: Minnesota DHS cultural-provider directory identifies SAPA in Minneapolis and lists immigration legal services, parent education, cultural-crossing training, and student-success programs serving Somali families",2026-09-26
TC017,Casa Guadalupana,direct_service,verified,official_about_page,https://www.casaguadalupana.org/,Verified role seed from authoritative eligibility-screening evidence: Official site states Casa Guadalupana has served migrant families since 1999 and provides housing and support to people who fled war/persecution and are going through the U.S. asylum process; site identifies it as a tax-exempt charitable organization,2026-09-26
TC017,Casa Guadalupana,faith_based,verified,official_about_page,https://www.casaguadalupana.org/,Verified role seed from authoritative eligibility-screening evidence: Official site states Casa Guadalupana has served migrant families since 1999 and provides housing and support to people who fled war/persecution and are going through the U.S. asylum process; site identifies it as a tax-exempt charitable organization,2026-09-26
TC017,Casa Guadalupana,housing_economic,verified,official_about_page,https://www.casaguadalupana.org/,Verified role seed from authoritative eligibility-screening evidence: Official site states Casa Guadalupana has served migrant families since 1999 and provides housing and support to people who fled war/persecution and are going through the U.S. asylum process; site identifies it as a tax-exempt charitable organization,2026-09-26
TC017,Casa Guadalupana,immigrant_integration,verified,official_about_page,https://www.casaguadalupana.org/,Verified role seed from authoritative eligibility-screening evidence: Official site states Casa Guadalupana has served migrant families since 1999 and provides housing and support to people who fled war/persecution and are going through the U.S. asylum process; site identifies it as a tax-exempt charitable organization,2026-09-26
TC021,IAFR Jonathan House,direct_service,verified,official_about_page,https://jonathanhouse.org/,"Verified role seed from authoritative eligibility-screening evidence: Jonathan House is an IAFR program in Minneapolis-St. Paul providing shelter, supportive housing, practical assistance, and community connections specifically to asylum seekers and people recovering from forced displacement",2026-09-26
TC021,IAFR Jonathan House,faith_based,verified,official_about_page,https://jonathanhouse.org/,"Verified role seed from authoritative eligibility-screening evidence: Jonathan House is an IAFR program in Minneapolis-St. Paul providing shelter, supportive housing, practical assistance, and community connections specifically to asylum seekers and people recovering from forced displacement",2026-09-26
TC021,IAFR Jonathan House,housing_economic,verified,official_about_page,https://jonathanhouse.org/,"Verified role seed from authoritative eligibility-screening evidence: Jonathan House is an IAFR program in Minneapolis-St. Paul providing shelter, supportive housing, practical assistance, and community connections specifically to asylum seekers and people recovering from forced displacement",2026-09-26
TC021,IAFR Jonathan House,immigrant_integration,verified,official_about_page,https://jonathanhouse.org/,"Verified role seed from authoritative eligibility-screening evidence: Jonathan House is an IAFR program in Minneapolis-St. Paul providing shelter, supportive housing, practical assistance, and community connections specifically to asylum seekers and people recovering from forced displacement",2026-09-26
TC022,Lutheran Social Service of Minnesota - Refugee Services,direct_service,verified,official_about_page,https://www.lssmn.org/services/refugees,"Verified role seed from authoritative eligibility-screening evidence: LSS Refugee Services explicitly serves refugees in the Twin Cities through case management, employment services, and immigration legal services; Minneapolis office documented",2026-09-26
TC022,Lutheran Social Service of Minnesota - Refugee Services,education_workforce,verified,official_about_page,https://www.lssmn.org/services/refugees,"Verified role seed from authoritative eligibility-screening evidence: LSS Refugee Services explicitly serves refugees in the Twin Cities through case management, employment services, and immigration legal services; Minneapolis office documented",2026-09-26
TC022,Lutheran Social Service of Minnesota - Refugee Services,faith_based,verified,official_about_page,https://www.lssmn.org/services/refugees,"Verified role seed from authoritative eligibility-screening evidence: LSS Refugee Services explicitly serves refugees in the Twin Cities through case management, employment services, and immigration legal services; Minneapolis office documented",2026-09-26
TC022,Lutheran Social Service of Minnesota - Refugee Services,immigrant_integration,verified,official_about_page,https://www.lssmn.org/services/refugees,"Verified role seed from authoritative eligibility-screening evidence: LSS Refugee Services explicitly serves refugees in the Twin Cities through case management, employment services, and immigration legal services; Minneapolis office documented",2026-09-26
TC022,Lutheran Social Service of Minnesota - Refugee Services,legal,verified,official_about_page,https://www.lssmn.org/services/refugees,"Verified role seed from authoritative eligibility-screening evidence: LSS Refugee Services explicitly serves refugees in the Twin Cities through case management, employment services, and immigration legal services; Minneapolis office documented",2026-09-26
TC022,Lutheran Social Service of Minnesota - Refugee Services,refugee_resettlement,verified,official_about_page,https://www.lssmn.org/services/refugees,"Verified role seed from authoritative eligibility-screening evidence: LSS Refugee Services explicitly serves refugees in the Twin Cities through case management, employment services, and immigration legal services; Minneapolis office documented",2026-09-26
TC023,Missions Inc. Programs,direct_service,verified,official_about_page,https://www.missionsinc.org/our-services/domestic-violence-services/,"Verified role seed from authoritative eligibility-screening evidence: Missions Inc. is a broad nonprofit, but its Home Free Community Program includes a dedicated Immigrant and Refugee Program providing culturally specific domestic-violence advocacy and immigration-specific support",2026-09-26
TC023,Missions Inc. Programs,gender_based,verified,official_about_page,https://www.missionsinc.org/our-services/domestic-violence-services/,"Verified role seed from authoritative eligibility-screening evidence: Missions Inc. is a broad nonprofit, but its Home Free Community Program includes a dedicated Immigrant and Refugee Program providing culturally specific domestic-violence advocacy and immigration-specific support",2026-09-26
TC023,Missions Inc. Programs,immigrant_integration,verified,official_about_page,https://www.missionsinc.org/our-services/domestic-violence-services/,"Verified role seed from authoritative eligibility-screening evidence: Missions Inc. is a broad nonprofit, but its Home Free Community Program includes a dedicated Immigrant and Refugee Program providing culturally specific domestic-violence advocacy and immigration-specific support",2026-09-26
TC024,Sakan,advocacy,verified,official_about_page,https://www.sakanresources.org/,"Verified role seed from authoritative eligibility-screening evidence: Sakan Community Resources states that it focuses on immigrant families in Minnesota's seven-county Twin Cities area through homeownership, financial stability, civic engagement, and advocacy",2026-09-26
TC024,Sakan,community_rooted,verified,official_about_page,https://www.sakanresources.org/,"Verified role seed from authoritative eligibility-screening evidence: Sakan Community Resources states that it focuses on immigrant families in Minnesota's seven-county Twin Cities area through homeownership, financial stability, civic engagement, and advocacy",2026-09-26
TC024,Sakan,housing_economic,verified,official_about_page,https://www.sakanresources.org/,"Verified role seed from authoritative eligibility-screening evidence: Sakan Community Resources states that it focuses on immigrant families in Minnesota's seven-county Twin Cities area through homeownership, financial stability, civic engagement, and advocacy",2026-09-26
TC024,Sakan,immigrant_integration,verified,official_about_page,https://www.sakanresources.org/,"Verified role seed from authoritative eligibility-screening evidence: Sakan Community Resources states that it focuses on immigrant families in Minnesota's seven-county Twin Cities area through homeownership, financial stability, civic engagement, and advocacy",2026-09-26
TC027,ZACAH,direct_service,verified,official_about_page,https://www.zacah.org/refugee-rental-assistance,"Verified role seed from authoritative eligibility-screening evidence: ZACAH operates refugee rental assistance in Minnesota and works with Afghan Cultural Society, refugee resettlement agencies, community organizations, and state partners to support Afghan refugees with housing",2026-09-26
TC027,ZACAH,faith_based,verified,official_about_page,https://www.zacah.org/refugee-rental-assistance,"Verified role seed from authoritative eligibility-screening evidence: ZACAH operates refugee rental assistance in Minnesota and works with Afghan Cultural Society, refugee resettlement agencies, community organizations, and state partners to support Afghan refugees with housing",2026-09-26
TC027,ZACAH,housing_economic,verified,official_about_page,https://www.zacah.org/refugee-rental-assistance,"Verified role seed from authoritative eligibility-screening evidence: ZACAH operates refugee rental assistance in Minnesota and works with Afghan Cultural Society, refugee resettlement agencies, community organizations, and state partners to support Afghan refugees with housing",2026-09-26
TC027,ZACAH,immigrant_integration,verified,official_about_page,https://www.zacah.org/refugee-rental-assistance,"Verified role seed from authoritative eligibility-screening evidence: ZACAH operates refugee rental assistance in Minnesota and works with Afghan Cultural Society, refugee resettlement agencies, community organizations, and state partners to support Afghan refugees with housing",2026-09-26
TC028,African Career Education and Resources Inc. (ACER),advocacy,verified,official_about_page,https://acerinc.org/programs/,"Verified role seed from authoritative eligibility-screening evidence: ACER is a Twin Cities community-based organization founded to work with African immigrants and other BIPOC communities through housing, economic opportunity, health equity, civic engagement, and advocacy",2026-09-26
TC028,African Career Education and Resources Inc. (ACER),community_rooted,verified,official_about_page,https://acerinc.org/programs/,"Verified role seed from authoritative eligibility-screening evidence: ACER is a Twin Cities community-based organization founded to work with African immigrants and other BIPOC communities through housing, economic opportunity, health equity, civic engagement, and advocacy",2026-09-26
TC028,African Career Education and Resources Inc. (ACER),ethnocultural,verified,official_about_page,https://acerinc.org/programs/,"Verified role seed from authoritative eligibility-screening evidence: ACER is a Twin Cities community-based organization founded to work with African immigrants and other BIPOC communities through housing, economic opportunity, health equity, civic engagement, and advocacy",2026-09-26
TC028,African Career Education and Resources Inc. (ACER),health_wellbeing,verified,official_about_page,https://acerinc.org/programs/,"Verified role seed from authoritative eligibility-screening evidence: ACER is a Twin Cities community-based organization founded to work with African immigrants and other BIPOC communities through housing, economic opportunity, health equity, civic engagement, and advocacy",2026-09-26
TC028,African Career Education and Resources Inc. (ACER),housing_economic,verified,official_about_page,https://acerinc.org/programs/,"Verified role seed from authoritative eligibility-screening evidence: ACER is a Twin Cities community-based organization founded to work with African immigrants and other BIPOC communities through housing, economic opportunity, health equity, civic engagement, and advocacy",2026-09-26
TC028,African Career Education and Resources Inc. (ACER),organizing,verified,official_about_page,https://acerinc.org/programs/,"Verified role seed from authoritative eligibility-screening evidence: ACER is a Twin Cities community-based organization founded to work with African immigrants and other BIPOC communities through housing, economic opportunity, health equity, civic engagement, and advocacy",2026-09-26
TC029,African Community Services,advocacy,verified,government_or_partner_listing,https://mn.gov/adresources/search/bd21f4b6-13d5-50ff-a3d2-bdf84656b450/?entry=topic_card,"Verified role seed from authoritative eligibility-screening evidence: African Community Services is an active Minneapolis nonprofit founded by Somali refugees and provides settlement, integration, advocacy, housing, employment, and other services to African immigrants and refugees across the Twin Cities",2026-09-26
TC029,African Community Services,community_rooted,verified,government_or_partner_listing,https://mn.gov/adresources/search/bd21f4b6-13d5-50ff-a3d2-bdf84656b450/?entry=topic_card,"Verified role seed from authoritative eligibility-screening evidence: African Community Services is an active Minneapolis nonprofit founded by Somali refugees and provides settlement, integration, advocacy, housing, employment, and other services to African immigrants and refugees across the Twin Cities",2026-09-26
TC029,African Community Services,direct_service,verified,government_or_partner_listing,https://mn.gov/adresources/search/bd21f4b6-13d5-50ff-a3d2-bdf84656b450/?entry=topic_card,"Verified role seed from authoritative eligibility-screening evidence: African Community Services is an active Minneapolis nonprofit founded by Somali refugees and provides settlement, integration, advocacy, housing, employment, and other services to African immigrants and refugees across the Twin Cities",2026-09-26
TC029,African Community Services,education_workforce,verified,government_or_partner_listing,https://mn.gov/adresources/search/bd21f4b6-13d5-50ff-a3d2-bdf84656b450/?entry=topic_card,"Verified role seed from authoritative eligibility-screening evidence: African Community Services is an active Minneapolis nonprofit founded by Somali refugees and provides settlement, integration, advocacy, housing, employment, and other services to African immigrants and refugees across the Twin Cities",2026-09-26
TC029,African Community Services,ethnocultural,verified,government_or_partner_listing,https://mn.gov/adresources/search/bd21f4b6-13d5-50ff-a3d2-bdf84656b450/?entry=topic_card,"Verified role seed from authoritative eligibility-screening evidence: African Community Services is an active Minneapolis nonprofit founded by Somali refugees and provides settlement, integration, advocacy, housing, employment, and other services to African immigrants and refugees across the Twin Cities",2026-09-26
TC029,African Community Services,housing_economic,verified,government_or_partner_listing,https://mn.gov/adresources/search/bd21f4b6-13d5-50ff-a3d2-bdf84656b450/?entry=topic_card,"Verified role seed from authoritative eligibility-screening evidence: African Community Services is an active Minneapolis nonprofit founded by Somali refugees and provides settlement, integration, advocacy, housing, employment, and other services to African immigrants and refugees across the Twin Cities",2026-09-26
TC029,African Community Services,immigrant_integration,verified,government_or_partner_listing,https://mn.gov/adresources/search/bd21f4b6-13d5-50ff-a3d2-bdf84656b450/?entry=topic_card,"Verified role seed from authoritative eligibility-screening evidence: African Community Services is an active Minneapolis nonprofit founded by Somali refugees and provides settlement, integration, advocacy, housing, employment, and other services to African immigrants and refugees across the Twin Cities",2026-09-26
TC030,African Development Center of Minnesota,community_rooted,verified,official_about_page,https://www.adcminnesota.org/node/5,"Verified role seed from authoritative eligibility-screening evidence: African Development Center is headquartered in Minneapolis and explicitly states a mission of economic empowerment for African immigrants and refugees through financial literacy, business development, homeownership, and micro-lending",2026-09-26
TC030,African Development Center of Minnesota,direct_service,verified,official_about_page,https://www.adcminnesota.org/node/5,"Verified role seed from authoritative eligibility-screening evidence: African Development Center is headquartered in Minneapolis and explicitly states a mission of economic empowerment for African immigrants and refugees through financial literacy, business development, homeownership, and micro-lending",2026-09-26
TC030,African Development Center of Minnesota,education_workforce,verified,official_about_page,https://www.adcminnesota.org/node/5,"Verified role seed from authoritative eligibility-screening evidence: African Development Center is headquartered in Minneapolis and explicitly states a mission of economic empowerment for African immigrants and refugees through financial literacy, business development, homeownership, and micro-lending",2026-09-26
TC030,African Development Center of Minnesota,ethnocultural,verified,official_about_page,https://www.adcminnesota.org/node/5,"Verified role seed from authoritative eligibility-screening evidence: African Development Center is headquartered in Minneapolis and explicitly states a mission of economic empowerment for African immigrants and refugees through financial literacy, business development, homeownership, and micro-lending",2026-09-26
TC030,African Development Center of Minnesota,housing_economic,verified,official_about_page,https://www.adcminnesota.org/node/5,"Verified role seed from authoritative eligibility-screening evidence: African Development Center is headquartered in Minneapolis and explicitly states a mission of economic empowerment for African immigrants and refugees through financial literacy, business development, homeownership, and micro-lending",2026-09-26
TC031,African Economic Development Solutions (AEDS),community_rooted,verified,official_about_page,https://www.aeds-mn.org/about,"Verified role seed from authoritative eligibility-screening evidence: AEDS is based in St. Paul and explicitly states that its mission is to build wealth within African immigrant communities through business development, lending, homeownership education, and community building",2026-09-26
TC031,African Economic Development Solutions (AEDS),direct_service,verified,official_about_page,https://www.aeds-mn.org/about,"Verified role seed from authoritative eligibility-screening evidence: AEDS is based in St. Paul and explicitly states that its mission is to build wealth within African immigrant communities through business development, lending, homeownership education, and community building",2026-09-26
TC031,African Economic Development Solutions (AEDS),education_workforce,verified,official_about_page,https://www.aeds-mn.org/about,"Verified role seed from authoritative eligibility-screening evidence: AEDS is based in St. Paul and explicitly states that its mission is to build wealth within African immigrant communities through business development, lending, homeownership education, and community building",2026-09-26
TC031,African Economic Development Solutions (AEDS),ethnocultural,verified,official_about_page,https://www.aeds-mn.org/about,"Verified role seed from authoritative eligibility-screening evidence: AEDS is based in St. Paul and explicitly states that its mission is to build wealth within African immigrant communities through business development, lending, homeownership education, and community building",2026-09-26
TC031,African Economic Development Solutions (AEDS),housing_economic,verified,official_about_page,https://www.aeds-mn.org/about,"Verified role seed from authoritative eligibility-screening evidence: AEDS is based in St. Paul and explicitly states that its mission is to build wealth within African immigrant communities through business development, lending, homeownership education, and community building",2026-09-26
TC033,African Immigrants Community Services (AICS),community_rooted,verified,official_about_page,https://aicsmn.org/,"Verified role seed from authoritative eligibility-screening evidence: AICS explicitly serves African immigrants and refugees in the Twin Cities and provides county-assistance navigation, language support, employment services, cultural orientation, and refugee services",2026-09-26
TC033,African Immigrants Community Services (AICS),direct_service,verified,official_about_page,https://aicsmn.org/,"Verified role seed from authoritative eligibility-screening evidence: AICS explicitly serves African immigrants and refugees in the Twin Cities and provides county-assistance navigation, language support, employment services, cultural orientation, and refugee services",2026-09-26
TC033,African Immigrants Community Services (AICS),education_workforce,verified,official_about_page,https://aicsmn.org/,"Verified role seed from authoritative eligibility-screening evidence: AICS explicitly serves African immigrants and refugees in the Twin Cities and provides county-assistance navigation, language support, employment services, cultural orientation, and refugee services",2026-09-26
TC033,African Immigrants Community Services (AICS),ethnocultural,verified,official_about_page,https://aicsmn.org/,"Verified role seed from authoritative eligibility-screening evidence: AICS explicitly serves African immigrants and refugees in the Twin Cities and provides county-assistance navigation, language support, employment services, cultural orientation, and refugee services",2026-09-26
TC033,African Immigrants Community Services (AICS),immigrant_integration,verified,official_about_page,https://aicsmn.org/,"Verified role seed from authoritative eligibility-screening evidence: AICS explicitly serves African immigrants and refugees in the Twin Cities and provides county-assistance navigation, language support, employment services, cultural orientation, and refugee services",2026-09-26
TC033,African Immigrants Community Services (AICS),refugee_resettlement,verified,official_about_page,https://aicsmn.org/,"Verified role seed from authoritative eligibility-screening evidence: AICS explicitly serves African immigrants and refugees in the Twin Cities and provides county-assistance navigation, language support, employment services, cultural orientation, and refugee services",2026-09-26
TC035,Arrive Ministries,direct_service,verified,official_about_page,https://arriveministries.org/who-we-are/,"Verified role seed from authoritative eligibility-screening evidence: Arrive Ministries is a Richfield-based refugee resettlement agency and 501(c)(3) that explicitly serves refugees and immigrants in the Twin Cities through resettlement, employment, education, volunteer connection, and DOJ-recognized immigration legal services",2026-09-26
TC035,Arrive Ministries,education_workforce,verified,official_about_page,https://arriveministries.org/who-we-are/,"Verified role seed from authoritative eligibility-screening evidence: Arrive Ministries is a Richfield-based refugee resettlement agency and 501(c)(3) that explicitly serves refugees and immigrants in the Twin Cities through resettlement, employment, education, volunteer connection, and DOJ-recognized immigration legal services",2026-09-26
TC035,Arrive Ministries,faith_based,verified,official_about_page,https://arriveministries.org/who-we-are/,"Verified role seed from authoritative eligibility-screening evidence: Arrive Ministries is a Richfield-based refugee resettlement agency and 501(c)(3) that explicitly serves refugees and immigrants in the Twin Cities through resettlement, employment, education, volunteer connection, and DOJ-recognized immigration legal services",2026-09-26
TC035,Arrive Ministries,immigrant_integration,verified,official_about_page,https://arriveministries.org/who-we-are/,"Verified role seed from authoritative eligibility-screening evidence: Arrive Ministries is a Richfield-based refugee resettlement agency and 501(c)(3) that explicitly serves refugees and immigrants in the Twin Cities through resettlement, employment, education, volunteer connection, and DOJ-recognized immigration legal services",2026-09-26
TC035,Arrive Ministries,legal,verified,official_about_page,https://arriveministries.org/who-we-are/,"Verified role seed from authoritative eligibility-screening evidence: Arrive Ministries is a Richfield-based refugee resettlement agency and 501(c)(3) that explicitly serves refugees and immigrants in the Twin Cities through resettlement, employment, education, volunteer connection, and DOJ-recognized immigration legal services",2026-09-26
TC035,Arrive Ministries,refugee_resettlement,verified,official_about_page,https://arriveministries.org/who-we-are/,"Verified role seed from authoritative eligibility-screening evidence: Arrive Ministries is a Richfield-based refugee resettlement agency and 501(c)(3) that explicitly serves refugees and immigrants in the Twin Cities through resettlement, employment, education, volunteer connection, and DOJ-recognized immigration legal services",2026-09-26
TC039,Darul Uloom Center,community_rooted,verified,official_about_page,https://darululoomcenter.org/nonprofit-organization-core-programs,"Verified role seed from authoritative eligibility-screening evidence: Darul Uloom Center in St. Paul explicitly states that it helps refugees and immigrants through skill/literacy programs and provides immigration, interpretation, and citizenship services",2026-09-26
TC039,Darul Uloom Center,direct_service,verified,official_about_page,https://darululoomcenter.org/nonprofit-organization-core-programs,"Verified role seed from authoritative eligibility-screening evidence: Darul Uloom Center in St. Paul explicitly states that it helps refugees and immigrants through skill/literacy programs and provides immigration, interpretation, and citizenship services",2026-09-26
TC039,Darul Uloom Center,education_workforce,verified,official_about_page,https://darululoomcenter.org/nonprofit-organization-core-programs,"Verified role seed from authoritative eligibility-screening evidence: Darul Uloom Center in St. Paul explicitly states that it helps refugees and immigrants through skill/literacy programs and provides immigration, interpretation, and citizenship services",2026-09-26
TC039,Darul Uloom Center,faith_based,verified,official_about_page,https://darululoomcenter.org/nonprofit-organization-core-programs,"Verified role seed from authoritative eligibility-screening evidence: Darul Uloom Center in St. Paul explicitly states that it helps refugees and immigrants through skill/literacy programs and provides immigration, interpretation, and citizenship services",2026-09-26
TC039,Darul Uloom Center,immigrant_integration,verified,official_about_page,https://darululoomcenter.org/nonprofit-organization-core-programs,"Verified role seed from authoritative eligibility-screening evidence: Darul Uloom Center in St. Paul explicitly states that it helps refugees and immigrants through skill/literacy programs and provides immigration, interpretation, and citizenship services",2026-09-26
TC039,Darul Uloom Center,legal,verified,official_about_page,https://darululoomcenter.org/nonprofit-organization-core-programs,"Verified role seed from authoritative eligibility-screening evidence: Darul Uloom Center in St. Paul explicitly states that it helps refugees and immigrants through skill/literacy programs and provides immigration, interpretation, and citizenship services",2026-09-26
TC040,Igbo Women League of Minnesota,community_rooted,verified,official_about_page,https://igbowomenleaguemn.org/,"Verified role seed from authoritative eligibility-screening evidence: Igbo Women League of Minnesota is a Brooklyn Center 501(c)(3) founded by Igbo women and serving Igbo/African-origin women and families in Minnesota through cultural, educational, health, youth, and community programs",2026-09-26
TC040,Igbo Women League of Minnesota,education_workforce,verified,official_about_page,https://igbowomenleaguemn.org/,"Verified role seed from authoritative eligibility-screening evidence: Igbo Women League of Minnesota is a Brooklyn Center 501(c)(3) founded by Igbo women and serving Igbo/African-origin women and families in Minnesota through cultural, educational, health, youth, and community programs",2026-09-26
TC040,Igbo Women League of Minnesota,ethnocultural,verified,official_about_page,https://igbowomenleaguemn.org/,"Verified role seed from authoritative eligibility-screening evidence: Igbo Women League of Minnesota is a Brooklyn Center 501(c)(3) founded by Igbo women and serving Igbo/African-origin women and families in Minnesota through cultural, educational, health, youth, and community programs",2026-09-26
TC040,Igbo Women League of Minnesota,gender_based,verified,official_about_page,https://igbowomenleaguemn.org/,"Verified role seed from authoritative eligibility-screening evidence: Igbo Women League of Minnesota is a Brooklyn Center 501(c)(3) founded by Igbo women and serving Igbo/African-origin women and families in Minnesota through cultural, educational, health, youth, and community programs",2026-09-26
TC040,Igbo Women League of Minnesota,health_wellbeing,verified,official_about_page,https://igbowomenleaguemn.org/,"Verified role seed from authoritative eligibility-screening evidence: Igbo Women League of Minnesota is a Brooklyn Center 501(c)(3) founded by Igbo women and serving Igbo/African-origin women and families in Minnesota through cultural, educational, health, youth, and community programs",2026-09-26
TC040,Igbo Women League of Minnesota,youth_family,verified,official_about_page,https://igbowomenleaguemn.org/,"Verified role seed from authoritative eligibility-screening evidence: Igbo Women League of Minnesota is a Brooklyn Center 501(c)(3) founded by Igbo women and serving Igbo/African-origin women and families in Minnesota through cultural, educational, health, youth, and community programs",2026-09-26
TC043,Minnesota African Women's Association,advocacy,verified,official_about_page,https://mawanet.org/who-we-are/,"Verified role seed from authoritative eligibility-screening evidence: MAWA states its mission is to promote the health and well-being of African refugee and immigrant women and their families in the Twin Cities through research, education, advocacy, and programming",2026-09-26
TC043,Minnesota African Women's Association,community_rooted,verified,official_about_page,https://mawanet.org/who-we-are/,"Verified role seed from authoritative eligibility-screening evidence: MAWA states its mission is to promote the health and well-being of African refugee and immigrant women and their families in the Twin Cities through research, education, advocacy, and programming",2026-09-26
TC043,Minnesota African Women's Association,direct_service,verified,official_about_page,https://mawanet.org/who-we-are/,"Verified role seed from authoritative eligibility-screening evidence: MAWA states its mission is to promote the health and well-being of African refugee and immigrant women and their families in the Twin Cities through research, education, advocacy, and programming",2026-09-26
TC043,Minnesota African Women's Association,ethnocultural,verified,official_about_page,https://mawanet.org/who-we-are/,"Verified role seed from authoritative eligibility-screening evidence: MAWA states its mission is to promote the health and well-being of African refugee and immigrant women and their families in the Twin Cities through research, education, advocacy, and programming",2026-09-26
TC043,Minnesota African Women's Association,gender_based,verified,official_about_page,https://mawanet.org/who-we-are/,"Verified role seed from authoritative eligibility-screening evidence: MAWA states its mission is to promote the health and well-being of African refugee and immigrant women and their families in the Twin Cities through research, education, advocacy, and programming",2026-09-26
TC043,Minnesota African Women's Association,health_wellbeing,verified,official_about_page,https://mawanet.org/who-we-are/,"Verified role seed from authoritative eligibility-screening evidence: MAWA states its mission is to promote the health and well-being of African refugee and immigrant women and their families in the Twin Cities through research, education, advocacy, and programming",2026-09-26
TC046,New American Development Center,community_rooted,verified,government_or_partner_listing,https://www.ag.state.mn.us/charity/Search/CHR_GeneralInfo.asp?FederalID=320241006&Yr=CURR&cmdSearch=View,Verified role seed from authoritative eligibility-screening evidence: Minnesota Attorney General registry lists NADC as an active Minneapolis charity serving minority/immigrant families; Hennepin County describes its culturally appropriate business and financial services for the East African immigrant community,2026-09-26
TC046,New American Development Center,direct_service,verified,government_or_partner_listing,https://www.ag.state.mn.us/charity/Search/CHR_GeneralInfo.asp?FederalID=320241006&Yr=CURR&cmdSearch=View,Verified role seed from authoritative eligibility-screening evidence: Minnesota Attorney General registry lists NADC as an active Minneapolis charity serving minority/immigrant families; Hennepin County describes its culturally appropriate business and financial services for the East African immigrant community,2026-09-26
TC046,New American Development Center,education_workforce,verified,government_or_partner_listing,https://www.ag.state.mn.us/charity/Search/CHR_GeneralInfo.asp?FederalID=320241006&Yr=CURR&cmdSearch=View,Verified role seed from authoritative eligibility-screening evidence: Minnesota Attorney General registry lists NADC as an active Minneapolis charity serving minority/immigrant families; Hennepin County describes its culturally appropriate business and financial services for the East African immigrant community,2026-09-26
TC046,New American Development Center,ethnocultural,verified,government_or_partner_listing,https://www.ag.state.mn.us/charity/Search/CHR_GeneralInfo.asp?FederalID=320241006&Yr=CURR&cmdSearch=View,Verified role seed from authoritative eligibility-screening evidence: Minnesota Attorney General registry lists NADC as an active Minneapolis charity serving minority/immigrant families; Hennepin County describes its culturally appropriate business and financial services for the East African immigrant community,2026-09-26
TC046,New American Development Center,housing_economic,verified,government_or_partner_listing,https://www.ag.state.mn.us/charity/Search/CHR_GeneralInfo.asp?FederalID=320241006&Yr=CURR&cmdSearch=View,Verified role seed from authoritative eligibility-screening evidence: Minnesota Attorney General registry lists NADC as an active Minneapolis charity serving minority/immigrant families; Hennepin County describes its culturally appropriate business and financial services for the East African immigrant community,2026-09-26
TC047,Oromo Community of Minnesota,community_rooted,verified,official_about_page,https://oromocommunitymn.org/about-us/,"Verified role seed from authoritative eligibility-screening evidence: Official site states OCM was established to help Oromo refugees and immigrants settle and integrate in Minnesota, particularly the Twin Cities, and is a 501(c)(3) nonprofit based in St. Paul",2026-09-26
TC047,Oromo Community of Minnesota,direct_service,verified,official_about_page,https://oromocommunitymn.org/about-us/,"Verified role seed from authoritative eligibility-screening evidence: Official site states OCM was established to help Oromo refugees and immigrants settle and integrate in Minnesota, particularly the Twin Cities, and is a 501(c)(3) nonprofit based in St. Paul",2026-09-26
TC047,Oromo Community of Minnesota,ethnocultural,verified,official_about_page,https://oromocommunitymn.org/about-us/,"Verified role seed from authoritative eligibility-screening evidence: Official site states OCM was established to help Oromo refugees and immigrants settle and integrate in Minnesota, particularly the Twin Cities, and is a 501(c)(3) nonprofit based in St. Paul",2026-09-26
TC047,Oromo Community of Minnesota,immigrant_integration,verified,official_about_page,https://oromocommunitymn.org/about-us/,"Verified role seed from authoritative eligibility-screening evidence: Official site states OCM was established to help Oromo refugees and immigrants settle and integrate in Minnesota, particularly the Twin Cities, and is a 501(c)(3) nonprofit based in St. Paul",2026-09-26
TC048,Our Saviour's Community Services,direct_service,verified,official_about_page,https://oscs-mn.org/about/,"Verified role seed from authoritative eligibility-screening evidence: OSCS is an independent Minneapolis nonprofit whose English Learning Center explicitly serves adult immigrants and refugees with English, math, digital literacy, and citizenship preparation",2026-09-26
TC048,Our Saviour's Community Services,education_workforce,verified,official_about_page,https://oscs-mn.org/about/,"Verified role seed from authoritative eligibility-screening evidence: OSCS is an independent Minneapolis nonprofit whose English Learning Center explicitly serves adult immigrants and refugees with English, math, digital literacy, and citizenship preparation",2026-09-26
TC048,Our Saviour's Community Services,immigrant_integration,verified,official_about_page,https://oscs-mn.org/about/,"Verified role seed from authoritative eligibility-screening evidence: OSCS is an independent Minneapolis nonprofit whose English Learning Center explicitly serves adult immigrants and refugees with English, math, digital literacy, and citizenship preparation",2026-09-26
TC051,Somali Community Resettlement Services,community_rooted,verified,official_about_page,https://somalcrs.org/,Verified role seed from authoritative eligibility-screening evidence: Official site states a mission to advance the social well-being of immigrants and refugees through community and resettlement services; Minneapolis office serves the Twin Cities metro and state resource listings explicitly identify immigrant/refugee specialization,2026-09-26
TC051,Somali Community Resettlement Services,direct_service,verified,official_about_page,https://somalcrs.org/,Verified role seed from authoritative eligibility-screening evidence: Official site states a mission to advance the social well-being of immigrants and refugees through community and resettlement services; Minneapolis office serves the Twin Cities metro and state resource listings explicitly identify immigrant/refugee specialization,2026-09-26
TC051,Somali Community Resettlement Services,ethnocultural,verified,official_about_page,https://somalcrs.org/,Verified role seed from authoritative eligibility-screening evidence: Official site states a mission to advance the social well-being of immigrants and refugees through community and resettlement services; Minneapolis office serves the Twin Cities metro and state resource listings explicitly identify immigrant/refugee specialization,2026-09-26
TC051,Somali Community Resettlement Services,immigrant_integration,verified,official_about_page,https://somalcrs.org/,Verified role seed from authoritative eligibility-screening evidence: Official site states a mission to advance the social well-being of immigrants and refugees through community and resettlement services; Minneapolis office serves the Twin Cities metro and state resource listings explicitly identify immigrant/refugee specialization,2026-09-26
TC051,Somali Community Resettlement Services,refugee_resettlement,verified,official_about_page,https://somalcrs.org/,Verified role seed from authoritative eligibility-screening evidence: Official site states a mission to advance the social well-being of immigrants and refugees through community and resettlement services; Minneapolis office serves the Twin Cities metro and state resource listings explicitly identify immigrant/refugee specialization,2026-09-26
TC052,Somali Success,advocacy,verified,official_about_page,https://www.somalisuccess.org/about/mission/,"Verified role seed from authoritative eligibility-screening evidence: Somali Success is a Minneapolis 501(c)(3) constituency-based organization whose mission explicitly centers immigrants and new refugees through education, advocacy, employment, citizenship, and support services",2026-09-26
TC052,Somali Success,community_rooted,verified,official_about_page,https://www.somalisuccess.org/about/mission/,"Verified role seed from authoritative eligibility-screening evidence: Somali Success is a Minneapolis 501(c)(3) constituency-based organization whose mission explicitly centers immigrants and new refugees through education, advocacy, employment, citizenship, and support services",2026-09-26
TC052,Somali Success,direct_service,verified,official_about_page,https://www.somalisuccess.org/about/mission/,"Verified role seed from authoritative eligibility-screening evidence: Somali Success is a Minneapolis 501(c)(3) constituency-based organization whose mission explicitly centers immigrants and new refugees through education, advocacy, employment, citizenship, and support services",2026-09-26
TC052,Somali Success,education_workforce,verified,official_about_page,https://www.somalisuccess.org/about/mission/,"Verified role seed from authoritative eligibility-screening evidence: Somali Success is a Minneapolis 501(c)(3) constituency-based organization whose mission explicitly centers immigrants and new refugees through education, advocacy, employment, citizenship, and support services",2026-09-26
TC052,Somali Success,ethnocultural,verified,official_about_page,https://www.somalisuccess.org/about/mission/,"Verified role seed from authoritative eligibility-screening evidence: Somali Success is a Minneapolis 501(c)(3) constituency-based organization whose mission explicitly centers immigrants and new refugees through education, advocacy, employment, citizenship, and support services",2026-09-26
TC052,Somali Success,immigrant_integration,verified,official_about_page,https://www.somalisuccess.org/about/mission/,"Verified role seed from authoritative eligibility-screening evidence: Somali Success is a Minneapolis 501(c)(3) constituency-based organization whose mission explicitly centers immigrants and new refugees through education, advocacy, employment, citizenship, and support services",2026-09-26
TC053,YMCA of the North - Immigrant and Refugee Support,direct_service,verified,official_about_page,https://www.ymcanorth.org/impact/newcomer_support,"Verified role seed from authoritative eligibility-screening evidence: YMCA of the North operates New American Welcome Centers and Resettlement Network Services that explicitly support newcomers with resource navigation, integration, and immigration legal services in partnership with Minnesota's resettlement system",2026-09-26
TC053,YMCA of the North - Immigrant and Refugee Support,immigrant_integration,verified,official_about_page,https://www.ymcanorth.org/impact/newcomer_support,"Verified role seed from authoritative eligibility-screening evidence: YMCA of the North operates New American Welcome Centers and Resettlement Network Services that explicitly support newcomers with resource navigation, integration, and immigration legal services in partnership with Minnesota's resettlement system",2026-09-26
TC053,YMCA of the North - Immigrant and Refugee Support,legal,verified,official_about_page,https://www.ymcanorth.org/impact/newcomer_support,"Verified role seed from authoritative eligibility-screening evidence: YMCA of the North operates New American Welcome Centers and Resettlement Network Services that explicitly support newcomers with resource navigation, integration, and immigration legal services in partnership with Minnesota's resettlement system",2026-09-26
TC053,YMCA of the North - Immigrant and Refugee Support,refugee_resettlement,verified,official_about_page,https://www.ymcanorth.org/impact/newcomer_support,"Verified role seed from authoritative eligibility-screening evidence: YMCA of the North operates New American Welcome Centers and Resettlement Network Services that explicitly support newcomers with resource navigation, integration, and immigration legal services in partnership with Minnesota's resettlement system",2026-09-26
TC055,CAPI USA,community_rooted,verified,official_about_page,https://www.capiusa.org/,Verified role seed from authoritative eligibility-screening evidence: CAPI explicitly provides comprehensive support services for immigrants and refugees in the Twin Cities and operates the CAPI Immigrant Opportunity Center in Brooklyn Center,2026-09-26
TC055,CAPI USA,direct_service,verified,official_about_page,https://www.capiusa.org/,Verified role seed from authoritative eligibility-screening evidence: CAPI explicitly provides comprehensive support services for immigrants and refugees in the Twin Cities and operates the CAPI Immigrant Opportunity Center in Brooklyn Center,2026-09-26
TC055,CAPI USA,immigrant_integration,verified,official_about_page,https://www.capiusa.org/,Verified role seed from authoritative eligibility-screening evidence: CAPI explicitly provides comprehensive support services for immigrants and refugees in the Twin Cities and operates the CAPI Immigrant Opportunity Center in Brooklyn Center,2026-09-26
TC056,Karen Organization of Minnesota,community_rooted,verified,official_about_page,https://mnkaren.org/about/,"Verified role seed from authoritative eligibility-screening evidence: KOM's mission explicitly centers refugee and immigrant communities; the organization is refugee-led, serves over 2,000 refugees and immigrants annually, and serves clients living in the Twin Cities",2026-09-26
TC056,Karen Organization of Minnesota,direct_service,verified,official_about_page,https://mnkaren.org/about/,"Verified role seed from authoritative eligibility-screening evidence: KOM's mission explicitly centers refugee and immigrant communities; the organization is refugee-led, serves over 2,000 refugees and immigrants annually, and serves clients living in the Twin Cities",2026-09-26
TC056,Karen Organization of Minnesota,ethnocultural,verified,official_about_page,https://mnkaren.org/about/,"Verified role seed from authoritative eligibility-screening evidence: KOM's mission explicitly centers refugee and immigrant communities; the organization is refugee-led, serves over 2,000 refugees and immigrants annually, and serves clients living in the Twin Cities",2026-09-26
TC056,Karen Organization of Minnesota,immigrant_integration,verified,official_about_page,https://mnkaren.org/about/,"Verified role seed from authoritative eligibility-screening evidence: KOM's mission explicitly centers refugee and immigrant communities; the organization is refugee-led, serves over 2,000 refugees and immigrants annually, and serves clients living in the Twin Cities",2026-09-26
TC059,Minnesota African Women Coalition,advocacy,verified,official_about_page,https://www.mnawc.net/,"Verified role seed from authoritative eligibility-screening evidence: MNAWC identifies itself as an African immigrant-led 501(c)(3) community organization serving immigrant communities in the Minneapolis-Saint Paul Twin Cities through health, economic development, capacity building, and advocacy",2026-09-26
TC059,Minnesota African Women Coalition,community_rooted,verified,official_about_page,https://www.mnawc.net/,"Verified role seed from authoritative eligibility-screening evidence: MNAWC identifies itself as an African immigrant-led 501(c)(3) community organization serving immigrant communities in the Minneapolis-Saint Paul Twin Cities through health, economic development, capacity building, and advocacy",2026-09-26
TC059,Minnesota African Women Coalition,ethnocultural,verified,official_about_page,https://www.mnawc.net/,"Verified role seed from authoritative eligibility-screening evidence: MNAWC identifies itself as an African immigrant-led 501(c)(3) community organization serving immigrant communities in the Minneapolis-Saint Paul Twin Cities through health, economic development, capacity building, and advocacy",2026-09-26
TC059,Minnesota African Women Coalition,gender_based,verified,official_about_page,https://www.mnawc.net/,"Verified role seed from authoritative eligibility-screening evidence: MNAWC identifies itself as an African immigrant-led 501(c)(3) community organization serving immigrant communities in the Minneapolis-Saint Paul Twin Cities through health, economic development, capacity building, and advocacy",2026-09-26
TC059,Minnesota African Women Coalition,health_wellbeing,verified,official_about_page,https://www.mnawc.net/,"Verified role seed from authoritative eligibility-screening evidence: MNAWC identifies itself as an African immigrant-led 501(c)(3) community organization serving immigrant communities in the Minneapolis-Saint Paul Twin Cities through health, economic development, capacity building, and advocacy",2026-09-26
TC059,Minnesota African Women Coalition,housing_economic,verified,official_about_page,https://www.mnawc.net/,"Verified role seed from authoritative eligibility-screening evidence: MNAWC identifies itself as an African immigrant-led 501(c)(3) community organization serving immigrant communities in the Minneapolis-Saint Paul Twin Cities through health, economic development, capacity building, and advocacy",2026-09-26
TC060,SEWA-AIFW,community_rooted,verified,official_about_page,https://www.sewa-aifw.org/our-story,"Verified role seed from authoritative eligibility-screening evidence: SEWA-AIFW is a Brooklyn Center 501(c)(3) rooted in South Asian communities and refugee needs, provides culturally specific services, runs programs for newly arrived Afghan families under refugee resettlement programs, and is listed by Minnesota DHS as a resettlement network partner",2026-09-26
TC060,SEWA-AIFW,direct_service,verified,official_about_page,https://www.sewa-aifw.org/our-story,"Verified role seed from authoritative eligibility-screening evidence: SEWA-AIFW is a Brooklyn Center 501(c)(3) rooted in South Asian communities and refugee needs, provides culturally specific services, runs programs for newly arrived Afghan families under refugee resettlement programs, and is listed by Minnesota DHS as a resettlement network partner",2026-09-26
TC060,SEWA-AIFW,ethnocultural,verified,official_about_page,https://www.sewa-aifw.org/our-story,"Verified role seed from authoritative eligibility-screening evidence: SEWA-AIFW is a Brooklyn Center 501(c)(3) rooted in South Asian communities and refugee needs, provides culturally specific services, runs programs for newly arrived Afghan families under refugee resettlement programs, and is listed by Minnesota DHS as a resettlement network partner",2026-09-26
TC060,SEWA-AIFW,immigrant_integration,verified,official_about_page,https://www.sewa-aifw.org/our-story,"Verified role seed from authoritative eligibility-screening evidence: SEWA-AIFW is a Brooklyn Center 501(c)(3) rooted in South Asian communities and refugee needs, provides culturally specific services, runs programs for newly arrived Afghan families under refugee resettlement programs, and is listed by Minnesota DHS as a resettlement network partner",2026-09-26
TC060,SEWA-AIFW,refugee_resettlement,verified,official_about_page,https://www.sewa-aifw.org/our-story,"Verified role seed from authoritative eligibility-screening evidence: SEWA-AIFW is a Brooklyn Center 501(c)(3) rooted in South Asian communities and refugee needs, provides culturally specific services, runs programs for newly arrived Afghan families under refugee resettlement programs, and is listed by Minnesota DHS as a resettlement network partner",2026-09-26
TC061,Ukrainian American Community Center,community_rooted,verified,official_about_page,https://uaccmn.org/about/,"Verified role seed from authoritative eligibility-screening evidence: UACCMN is a Minneapolis-based nonprofit community center founded by Ukrainian immigrants. Its current mission explicitly includes empowering Ukrainian refugees, supporting integration of refugees and new immigrants, and providing refugee services; the official site reports more than 1,000 refugees served in 2023.",2026-09-26
TC061,Ukrainian American Community Center,direct_service,verified,official_about_page,https://uaccmn.org/about/,"Verified role seed from authoritative eligibility-screening evidence: UACCMN is a Minneapolis-based nonprofit community center founded by Ukrainian immigrants. Its current mission explicitly includes empowering Ukrainian refugees, supporting integration of refugees and new immigrants, and providing refugee services; the official site reports more than 1,000 refugees served in 2023.",2026-09-26
TC061,Ukrainian American Community Center,ethnocultural,verified,official_about_page,https://uaccmn.org/about/,"Verified role seed from authoritative eligibility-screening evidence: UACCMN is a Minneapolis-based nonprofit community center founded by Ukrainian immigrants. Its current mission explicitly includes empowering Ukrainian refugees, supporting integration of refugees and new immigrants, and providing refugee services; the official site reports more than 1,000 refugees served in 2023.",2026-09-26
TC061,Ukrainian American Community Center,immigrant_integration,verified,official_about_page,https://uaccmn.org/about/,"Verified role seed from authoritative eligibility-screening evidence: UACCMN is a Minneapolis-based nonprofit community center founded by Ukrainian immigrants. Its current mission explicitly includes empowering Ukrainian refugees, supporting integration of refugees and new immigrants, and providing refugee services; the official site reports more than 1,000 refugees served in 2023.",2026-09-26
TC061,Ukrainian American Community Center,refugee_resettlement,verified,official_about_page,https://uaccmn.org/about/,"Verified role seed from authoritative eligibility-screening evidence: UACCMN is a Minneapolis-based nonprofit community center founded by Ukrainian immigrants. Its current mission explicitly includes empowering Ukrainian refugees, supporting integration of refugees and new immigrants, and providing refugee services; the official site reports more than 1,000 refugees served in 2023.",2026-09-26
TC062,AVIVO,direct_service,verified,government_or_partner_listing,https://mn.gov/dhs/resettlement/provider-list/,"Verified role seed from authoritative eligibility-screening evidence: Avivo is a broad Minneapolis nonprofit, but Minnesota DHS currently lists it as a Resettlement Network Services partner, including Family Education Supports for people under humanitarian protection. Avivo also explicitly identifies new immigrants among priority populations in its employment services.",2026-09-26
TC062,AVIVO,education_workforce,verified,government_or_partner_listing,https://mn.gov/dhs/resettlement/provider-list/,"Verified role seed from authoritative eligibility-screening evidence: Avivo is a broad Minneapolis nonprofit, but Minnesota DHS currently lists it as a Resettlement Network Services partner, including Family Education Supports for people under humanitarian protection. Avivo also explicitly identifies new immigrants among priority populations in its employment services.",2026-09-26
TC062,AVIVO,immigrant_integration,verified,government_or_partner_listing,https://mn.gov/dhs/resettlement/provider-list/,"Verified role seed from authoritative eligibility-screening evidence: Avivo is a broad Minneapolis nonprofit, but Minnesota DHS currently lists it as a Resettlement Network Services partner, including Family Education Supports for people under humanitarian protection. Avivo also explicitly identifies new immigrants among priority populations in its employment services.",2026-09-26
TC063,Afghan Cultural Society,community_rooted,verified,official_about_page,https://afghanculturalsociety.org/,"Verified role seed from authoritative eligibility-screening evidence: Afghan Cultural Society is based in Minneapolis and explicitly serves Afghan diaspora/newcomer communities through peer-based resettlement support, family resource connectors, mental-health programs, education support, and cultural programming.",2026-09-26
TC063,Afghan Cultural Society,direct_service,verified,official_about_page,https://afghanculturalsociety.org/,"Verified role seed from authoritative eligibility-screening evidence: Afghan Cultural Society is based in Minneapolis and explicitly serves Afghan diaspora/newcomer communities through peer-based resettlement support, family resource connectors, mental-health programs, education support, and cultural programming.",2026-09-26
TC063,Afghan Cultural Society,education_workforce,verified,official_about_page,https://afghanculturalsociety.org/,"Verified role seed from authoritative eligibility-screening evidence: Afghan Cultural Society is based in Minneapolis and explicitly serves Afghan diaspora/newcomer communities through peer-based resettlement support, family resource connectors, mental-health programs, education support, and cultural programming.",2026-09-26
TC063,Afghan Cultural Society,ethnocultural,verified,official_about_page,https://afghanculturalsociety.org/,"Verified role seed from authoritative eligibility-screening evidence: Afghan Cultural Society is based in Minneapolis and explicitly serves Afghan diaspora/newcomer communities through peer-based resettlement support, family resource connectors, mental-health programs, education support, and cultural programming.",2026-09-26
TC063,Afghan Cultural Society,health_wellbeing,verified,official_about_page,https://afghanculturalsociety.org/,"Verified role seed from authoritative eligibility-screening evidence: Afghan Cultural Society is based in Minneapolis and explicitly serves Afghan diaspora/newcomer communities through peer-based resettlement support, family resource connectors, mental-health programs, education support, and cultural programming.",2026-09-26
TC063,Afghan Cultural Society,immigrant_integration,verified,official_about_page,https://afghanculturalsociety.org/,"Verified role seed from authoritative eligibility-screening evidence: Afghan Cultural Society is based in Minneapolis and explicitly serves Afghan diaspora/newcomer communities through peer-based resettlement support, family resource connectors, mental-health programs, education support, and cultural programming.",2026-09-26
TC066,United Cambodian Association of Minnesota (UCAM),advocacy,verified,official_about_page,https://www.ucam.info/,"Verified role seed from authoritative eligibility-screening evidence: UCAM is a Twin Cities nonprofit mutual-assistance organization formed from Cambodian/refugee organizations and dedicated to serving Cambodian immigrants, refugees, and other new Americans. Current Minnesota resource listings identify immigration advocacy and bilingual legal/benefits assistance.",2026-09-26
TC066,United Cambodian Association of Minnesota (UCAM),community_rooted,verified,official_about_page,https://www.ucam.info/,"Verified role seed from authoritative eligibility-screening evidence: UCAM is a Twin Cities nonprofit mutual-assistance organization formed from Cambodian/refugee organizations and dedicated to serving Cambodian immigrants, refugees, and other new Americans. Current Minnesota resource listings identify immigration advocacy and bilingual legal/benefits assistance.",2026-09-26
TC066,United Cambodian Association of Minnesota (UCAM),direct_service,verified,official_about_page,https://www.ucam.info/,"Verified role seed from authoritative eligibility-screening evidence: UCAM is a Twin Cities nonprofit mutual-assistance organization formed from Cambodian/refugee organizations and dedicated to serving Cambodian immigrants, refugees, and other new Americans. Current Minnesota resource listings identify immigration advocacy and bilingual legal/benefits assistance.",2026-09-26
TC066,United Cambodian Association of Minnesota (UCAM),ethnocultural,verified,official_about_page,https://www.ucam.info/,"Verified role seed from authoritative eligibility-screening evidence: UCAM is a Twin Cities nonprofit mutual-assistance organization formed from Cambodian/refugee organizations and dedicated to serving Cambodian immigrants, refugees, and other new Americans. Current Minnesota resource listings identify immigration advocacy and bilingual legal/benefits assistance.",2026-09-26
TC066,United Cambodian Association of Minnesota (UCAM),immigrant_integration,verified,official_about_page,https://www.ucam.info/,"Verified role seed from authoritative eligibility-screening evidence: UCAM is a Twin Cities nonprofit mutual-assistance organization formed from Cambodian/refugee organizations and dedicated to serving Cambodian immigrants, refugees, and other new Americans. Current Minnesota resource listings identify immigration advocacy and bilingual legal/benefits assistance.",2026-09-26
TC066,United Cambodian Association of Minnesota (UCAM),legal,verified,official_about_page,https://www.ucam.info/,"Verified role seed from authoritative eligibility-screening evidence: UCAM is a Twin Cities nonprofit mutual-assistance organization formed from Cambodian/refugee organizations and dedicated to serving Cambodian immigrants, refugees, and other new Americans. Current Minnesota resource listings identify immigration advocacy and bilingual legal/benefits assistance.",2026-09-26
TC067,Immigrant Connection - Waite Park,direct_service,verified,official_about_page,https://www.waiteparkchurch.org/immigrant,"Verified role seed from authoritative eligibility-screening evidence: Immigrant Connection-Waite Park is a Minneapolis-based Department of Justice-recognized immigration legal-services program offering low-cost assistance with family petitions, naturalization, status adjustment, renewals, and related immigration matters.",2026-09-26
TC067,Immigrant Connection - Waite Park,faith_based,verified,official_about_page,https://www.waiteparkchurch.org/immigrant,"Verified role seed from authoritative eligibility-screening evidence: Immigrant Connection-Waite Park is a Minneapolis-based Department of Justice-recognized immigration legal-services program offering low-cost assistance with family petitions, naturalization, status adjustment, renewals, and related immigration matters.",2026-09-26
TC067,Immigrant Connection - Waite Park,immigrant_integration,verified,official_about_page,https://www.waiteparkchurch.org/immigrant,"Verified role seed from authoritative eligibility-screening evidence: Immigrant Connection-Waite Park is a Minneapolis-based Department of Justice-recognized immigration legal-services program offering low-cost assistance with family petitions, naturalization, status adjustment, renewals, and related immigration matters.",2026-09-26
TC067,Immigrant Connection - Waite Park,legal,verified,official_about_page,https://www.waiteparkchurch.org/immigrant,"Verified role seed from authoritative eligibility-screening evidence: Immigrant Connection-Waite Park is a Minneapolis-based Department of Justice-recognized immigration legal-services program offering low-cost assistance with family petitions, naturalization, status adjustment, renewals, and related immigration matters.",2026-09-26
TC068,Immigrant Connection Mosaic,direct_service,verified,official_about_page,https://www.mosaicstpaul.org/learn-more,"Verified role seed from authoritative eligibility-screening evidence: Immigrant Connection Mosaic is a St. Paul Department of Justice-recognized nonprofit immigration legal-services program offering low-cost legal assistance, citizenship classes, status adjustment, family petitions, DACA, TPS, and related services.",2026-09-26
TC068,Immigrant Connection Mosaic,education_workforce,verified,official_about_page,https://www.mosaicstpaul.org/learn-more,"Verified role seed from authoritative eligibility-screening evidence: Immigrant Connection Mosaic is a St. Paul Department of Justice-recognized nonprofit immigration legal-services program offering low-cost legal assistance, citizenship classes, status adjustment, family petitions, DACA, TPS, and related services.",2026-09-26
TC068,Immigrant Connection Mosaic,faith_based,verified,official_about_page,https://www.mosaicstpaul.org/learn-more,"Verified role seed from authoritative eligibility-screening evidence: Immigrant Connection Mosaic is a St. Paul Department of Justice-recognized nonprofit immigration legal-services program offering low-cost legal assistance, citizenship classes, status adjustment, family petitions, DACA, TPS, and related services.",2026-09-26
TC068,Immigrant Connection Mosaic,immigrant_integration,verified,official_about_page,https://www.mosaicstpaul.org/learn-more,"Verified role seed from authoritative eligibility-screening evidence: Immigrant Connection Mosaic is a St. Paul Department of Justice-recognized nonprofit immigration legal-services program offering low-cost legal assistance, citizenship classes, status adjustment, family petitions, DACA, TPS, and related services.",2026-09-26
TC068,Immigrant Connection Mosaic,legal,verified,official_about_page,https://www.mosaicstpaul.org/learn-more,"Verified role seed from authoritative eligibility-screening evidence: Immigrant Connection Mosaic is a St. Paul Department of Justice-recognized nonprofit immigration legal-services program offering low-cost legal assistance, citizenship classes, status adjustment, family petitions, DACA, TPS, and related services.",2026-09-26
TC069,Hmong Cultural Center,community_rooted,verified,official_about_page,https://www.hmongcc.org/adult-basic-education.html,"Verified role seed from authoritative eligibility-screening evidence: Hmong Cultural Center in St. Paul has offered free classes to immigrants and refugees for more than twenty years, including citizenship, ESL, occupational English, and integration-oriented education.",2026-09-26
TC069,Hmong Cultural Center,education_workforce,verified,official_about_page,https://www.hmongcc.org/adult-basic-education.html,"Verified role seed from authoritative eligibility-screening evidence: Hmong Cultural Center in St. Paul has offered free classes to immigrants and refugees for more than twenty years, including citizenship, ESL, occupational English, and integration-oriented education.",2026-09-26
TC069,Hmong Cultural Center,ethnocultural,verified,official_about_page,https://www.hmongcc.org/adult-basic-education.html,"Verified role seed from authoritative eligibility-screening evidence: Hmong Cultural Center in St. Paul has offered free classes to immigrants and refugees for more than twenty years, including citizenship, ESL, occupational English, and integration-oriented education.",2026-09-26
TC069,Hmong Cultural Center,immigrant_integration,verified,official_about_page,https://www.hmongcc.org/adult-basic-education.html,"Verified role seed from authoritative eligibility-screening evidence: Hmong Cultural Center in St. Paul has offered free classes to immigrants and refugees for more than twenty years, including citizenship, ESL, occupational English, and integration-oriented education.",2026-09-26
TC070,Hmong American Partnership,community_rooted,verified,official_about_page,https://hmong.org/about-us/,"Verified role seed from authoritative eligibility-screening evidence: Hmong American Partnership was founded and is led by immigrants and refugees, serves tens of thousands of people annually, and explicitly states that it addresses the needs of immigrants and refugees across the Twin Cities through employment, education, community support, and other programs.",2026-09-26
TC070,Hmong American Partnership,direct_service,verified,official_about_page,https://hmong.org/about-us/,"Verified role seed from authoritative eligibility-screening evidence: Hmong American Partnership was founded and is led by immigrants and refugees, serves tens of thousands of people annually, and explicitly states that it addresses the needs of immigrants and refugees across the Twin Cities through employment, education, community support, and other programs.",2026-09-26
TC070,Hmong American Partnership,education_workforce,verified,official_about_page,https://hmong.org/about-us/,"Verified role seed from authoritative eligibility-screening evidence: Hmong American Partnership was founded and is led by immigrants and refugees, serves tens of thousands of people annually, and explicitly states that it addresses the needs of immigrants and refugees across the Twin Cities through employment, education, community support, and other programs.",2026-09-26
TC070,Hmong American Partnership,ethnocultural,verified,official_about_page,https://hmong.org/about-us/,"Verified role seed from authoritative eligibility-screening evidence: Hmong American Partnership was founded and is led by immigrants and refugees, serves tens of thousands of people annually, and explicitly states that it addresses the needs of immigrants and refugees across the Twin Cities through employment, education, community support, and other programs.",2026-09-26
TC070,Hmong American Partnership,immigrant_integration,verified,official_about_page,https://hmong.org/about-us/,"Verified role seed from authoritative eligibility-screening evidence: Hmong American Partnership was founded and is led by immigrants and refugees, serves tens of thousands of people annually, and explicitly states that it addresses the needs of immigrants and refugees across the Twin Cities through employment, education, community support, and other programs.",2026-09-26
TC071,Lao Assistance Center of Minnesota,community_rooted,verified,official_about_page,https://www.laocenter.org/contact,Verified role seed from authoritative eligibility-screening evidence: Lao Assistance Center of Minnesota is a Minneapolis 501(c)(3) serving Lao and Southeast Asian immigrant/refugee communities through culturally specific support and community services,2026-09-26
TC071,Lao Assistance Center of Minnesota,direct_service,verified,official_about_page,https://www.laocenter.org/contact,Verified role seed from authoritative eligibility-screening evidence: Lao Assistance Center of Minnesota is a Minneapolis 501(c)(3) serving Lao and Southeast Asian immigrant/refugee communities through culturally specific support and community services,2026-09-26
TC071,Lao Assistance Center of Minnesota,ethnocultural,verified,official_about_page,https://www.laocenter.org/contact,Verified role seed from authoritative eligibility-screening evidence: Lao Assistance Center of Minnesota is a Minneapolis 501(c)(3) serving Lao and Southeast Asian immigrant/refugee communities through culturally specific support and community services,2026-09-26
TC071,Lao Assistance Center of Minnesota,immigrant_integration,verified,official_about_page,https://www.laocenter.org/contact,Verified role seed from authoritative eligibility-screening evidence: Lao Assistance Center of Minnesota is a Minneapolis 501(c)(3) serving Lao and Southeast Asian immigrant/refugee communities through culturally specific support and community services,2026-09-26
TC072,Confederation of Somali Community in Minnesota,community_rooted,verified,official_about_page,https://csc-mn.org/,"Verified role seed from authoritative eligibility-screening evidence: CSCM is based in Minneapolis, serves the Twin Cities Somali/East African community, supports newcomers, provides translation and immigration services, and is listed by Minnesota resources as serving immigrants and refugees",2026-09-26
TC072,Confederation of Somali Community in Minnesota,direct_service,verified,official_about_page,https://csc-mn.org/,"Verified role seed from authoritative eligibility-screening evidence: CSCM is based in Minneapolis, serves the Twin Cities Somali/East African community, supports newcomers, provides translation and immigration services, and is listed by Minnesota resources as serving immigrants and refugees",2026-09-26
TC072,Confederation of Somali Community in Minnesota,ethnocultural,verified,official_about_page,https://csc-mn.org/,"Verified role seed from authoritative eligibility-screening evidence: CSCM is based in Minneapolis, serves the Twin Cities Somali/East African community, supports newcomers, provides translation and immigration services, and is listed by Minnesota resources as serving immigrants and refugees",2026-09-26
TC072,Confederation of Somali Community in Minnesota,immigrant_integration,verified,official_about_page,https://csc-mn.org/,"Verified role seed from authoritative eligibility-screening evidence: CSCM is based in Minneapolis, serves the Twin Cities Somali/East African community, supports newcomers, provides translation and immigration services, and is listed by Minnesota resources as serving immigrants and refugees",2026-09-26
TC072,Confederation of Somali Community in Minnesota,legal,verified,official_about_page,https://csc-mn.org/,"Verified role seed from authoritative eligibility-screening evidence: CSCM is based in Minneapolis, serves the Twin Cities Somali/East African community, supports newcomers, provides translation and immigration services, and is listed by Minnesota resources as serving immigrants and refugees",2026-09-26
TC076,Minnesota Interfaith Coalition on Immigration (ICOM),advocacy,verified,official_about_page,https://mnicom.org/,"Verified role seed from authoritative eligibility-screening evidence: ICOM is headquartered in Minneapolis and explicitly organizes in solidarity with immigrants and refugees through advocacy, material aid, vigils, courtwatch, and anti-deportation work",2026-09-26
TC076,Minnesota Interfaith Coalition on Immigration (ICOM),coalition_network,verified,official_about_page,https://mnicom.org/,"Verified role seed from authoritative eligibility-screening evidence: ICOM is headquartered in Minneapolis and explicitly organizes in solidarity with immigrants and refugees through advocacy, material aid, vigils, courtwatch, and anti-deportation work",2026-09-26
TC076,Minnesota Interfaith Coalition on Immigration (ICOM),direct_service,verified,official_about_page,https://mnicom.org/,"Verified role seed from authoritative eligibility-screening evidence: ICOM is headquartered in Minneapolis and explicitly organizes in solidarity with immigrants and refugees through advocacy, material aid, vigils, courtwatch, and anti-deportation work",2026-09-26
TC076,Minnesota Interfaith Coalition on Immigration (ICOM),faith_based,verified,official_about_page,https://mnicom.org/,"Verified role seed from authoritative eligibility-screening evidence: ICOM is headquartered in Minneapolis and explicitly organizes in solidarity with immigrants and refugees through advocacy, material aid, vigils, courtwatch, and anti-deportation work",2026-09-26
TC076,Minnesota Interfaith Coalition on Immigration (ICOM),organizing,verified,official_about_page,https://mnicom.org/,"Verified role seed from authoritative eligibility-screening evidence: ICOM is headquartered in Minneapolis and explicitly organizes in solidarity with immigrants and refugees through advocacy, material aid, vigils, courtwatch, and anti-deportation work",2026-09-26
TC081,Minnesota Immigrant Movement,advocacy,verified,official_about_page,https://www.mimmn.org/,"Verified role seed from authoritative eligibility-screening evidence: Official site identifies Minnesota Immigrant Movement as a nonprofit working for social justice for immigrants, with a Minneapolis address and current community-support/advocacy activity",2026-09-26
TC081,Minnesota Immigrant Movement,community_rooted,verified,official_about_page,https://www.mimmn.org/,"Verified role seed from authoritative eligibility-screening evidence: Official site identifies Minnesota Immigrant Movement as a nonprofit working for social justice for immigrants, with a Minneapolis address and current community-support/advocacy activity",2026-09-26
TC081,Minnesota Immigrant Movement,direct_service,verified,official_about_page,https://www.mimmn.org/,"Verified role seed from authoritative eligibility-screening evidence: Official site identifies Minnesota Immigrant Movement as a nonprofit working for social justice for immigrants, with a Minneapolis address and current community-support/advocacy activity",2026-09-26
TC081,Minnesota Immigrant Movement,organizing,verified,official_about_page,https://www.mimmn.org/,"Verified role seed from authoritative eligibility-screening evidence: Official site identifies Minnesota Immigrant Movement as a nonprofit working for social justice for immigrants, with a Minneapolis address and current community-support/advocacy activity",2026-09-26
